year,away_team,home_team,neutral_site?,away_pts,home_pts,Winner,A_2OW,A_SPMargin,A_SPRank,A_RecRank,A_RecPoints,A_OffSP,A_OffRushSP,A_OffPassSP,A_OffSDSP,A_OffPDSP,A_OffSuccRate,A_OffIsoPPP,A_DefSP,A_DefRushSP,A_DefPassSP,A_DefSDSP,A_DefPDSP,A_DefSuccRate,A_DefIsoPPP,H_2OW,H_SPMargin,H_SPRank,H_RecRank,H_RecPoints,H_OffSP,H_OffRushSP,H_OffPassSP,H_OffSDSP,H_OffPDSP,H_OffSuccRate,H_OffIsoPPP,H_DefSP,H_DefRushSP,H_DefPassSP,H_DefSDSP,H_DefPDSP,H_DefSuccRate,H_DefIsoPPP
2015,TCU,Minnesota,0,23,17,Away,11.4,19.8,7,39,191.44,38,124.5,114.8,117.1,124.1,112,128.1,19.6,133.3,113.2,119.8,124,124.6,121.3,7.7,7.6,35,63,167.01,30.5,111,103.7,106.9,106.2,108.9,106.6,23.9,109,104.2,108,102.1,106,109.3
2015,UTSA,Arizona,0,32,42,Home,4.5,-10.1,102,103,119.88,15.1,76.3,73.9,75.2,77.3,82.5,67.7,26.7,120,95.6,113.2,98.5,107.3,107.9,8,7.6,36,43,186.57,34.6,101.7,98.2,100.2,98.9,98.3,101.9,26.3,113.8,109.1,111.3,113.2,108.8,117.6
2015,North Carolina,South Carolina,1,13,17,Home,4.9,-0.4,71,28,214.05,35.4,109.5,115,109.6,113.8,114,108.9,35.2,89.2,87.3,94,76.9,94.4,84.4,6.5,7.2,40,20,230.49,36.2,122.7,124.2,117.2,135,120.2,125.6,29.6,84.6,97.6,89.1,98.5,89.2,92.3
2015,FIU,UCF,0,15,14,Away,4.7,-11,109,100,120.42,16.4,75.1,77.9,77.6,77.4,80.6,70.7,26.6,103.8,103.1,96.9,123.3,109.6,96.6,8.4,0.2,68,71,160.78,23.6,93.7,107.3,95.5,109.2,96.3,102.7,22.6,105.7,98.7,100.6,105.8,96,109.9
2015,Oklahoma State,Central Michigan,0,24,13,Away,6.6,-1.8,82,40,191.28,27,91.8,108.4,98.9,102.8,95.7,103.6,29.5,107.5,101.1,105.1,100.6,109.8,100.3,8.1,-6.1,91,97,123.63,25.2,95.8,108.2,102.1,100,105.1,98.7,30.6,114.2,89.3,103.6,90.2,103.3,95.4
2015,Western Kentucky,Vanderbilt,0,14,12,Away,7.6,1.1,61,111,115.65,40.2,110.3,132.6,126.3,123.7,115,137.1,38.5,95,76.6,89.5,81.2,90.9,82.3,2.8,-11.4,110,49,181.37,18.3,86.2,89.1,93.8,70.4,89,82.9,29,98,95.4,99.3,95.8,94.2,100.4
2015,Michigan,Utah,0,17,24,Home,5.6,5.8,48,37,194.82,25.1,101.8,92.5,102.8,82.8,106.9,89,19.5,127.5,107.2,114.9,113.3,109.3,124.5,7.2,8.5,33,45,183.38,29.9,98,98.5,97.1,98.9,98.8,96.5,23,105.7,120.8,116,111.3,111.7,121.1
2015,Ohio,Idaho,0,45,28,Away,4.7,-13,113,92,128.68,19.6,89.9,78.2,83.7,88.1,91.5,77.4,31.5,104.3,92.6,100.3,92,94.2,102.1,1.9,-14.4,117,121,98.54,25.6,100.9,90.6,96.7,93.1,99.7,89.9,39.4,85.1,78.6,80.9,89.4,93.2,74.2
2015,Duke,Tulane,0,37,7,Away,8.4,2.5,56,52,175.77,28.5,109.5,93.9,103.5,95.4,105,98.6,27.4,83.3,102.4,92.5,93.5,86.3,100.6,3.5,-8.5,98,91,128.9,18.9,88.8,79.7,88,76.8,82.8,83.5,25.8,100.1,101.6,102.6,97.2,98.7,103.4
2015,Colorado,Hawaii,0,20,28,Home,3.6,-1.7,80,69,162.04,32.3,99,104,104.2,97.5,103.8,99.4,35.2,90.1,97.3,91.3,107.4,99,90,2.7,-14.7,118,122,98.16,18.1,80.9,72.7,75,82.7,80.5,71.2,33.5,100.3,86.3,97.1,83.2,95.7,90.2
2015,Baylor,SMU,0,56,21,Away,10.6,16.4,12,36,195.88,42.4,116.8,132.7,122,126.7,126,126.4,25.8,113.5,108.6,108.3,120,110.9,112.8,1.2,-21.3,127,81,142.99,15.5,98.1,71.6,85.7,75.4,86.6,75.3,35.2,79.3,76,79.8,77.6,81.8,74.9
2015,Michigan State,Western Michigan,0,37,24,Away,9.9,17.2,10,23,221.77,40,122.7,136.7,123.1,141.1,120.3,138.7,22.2,123.7,120,109.7,142.7,133,110.2,8.8,2.2,58,76,147.78,31.9,101.6,114,105.1,111.5,101.6,113.2,30.3,93.6,99.5,94.8,97.9,100.2,91.8
2015,Washington,Boise State,0,13,16,Home,7.9,0.5,65,26,215.83,26,100.3,90,96.9,88.8,96.1,93.6,26.7,108.1,100.8,103.4,109.5,99.5,112,11,11.1,29,58,171.68,37.7,125.4,130.1,129.5,116.7,117.5,137.4,26.2,112.1,111.7,106.5,125.8,113.3,108.7
2015,Wisconsin,Alabama,1,17,35,Home,10.7,14.4,18,41,189.85,35.7,127.9,101.5,124,102,112.5,126.8,21.4,113.2,117.5,103.7,140.4,112.8,115.4,12.3,25.2,2,1,311.1,40.9,127.8,146.2,131.7,137.3,132.8,140.9,16.1,146.8,119.9,133.2,116.4,125.2,133.7
2015,Louisville,Auburn,1,24,31,Home,9.5,12.4,23,33,201.4,31.7,113.5,109.8,117,96.9,103.2,120.6,18.9,121.8,119,121.8,115.8,123.5,116.8,8.8,23,3,8,278.31,43.7,123,156.7,122.9,164.8,124.6,143.8,21.7,115,102,105.9,117,112.5,105.4
2015,Arkansas State,USC,0,6,55,Home,7.3,1.2,60,90,131.45,32.6,102.6,102.6,103.9,99.4,99.4,107.2,31.1,85.9,102.3,92.3,95.7,97.5,88.8,7.9,14,19,2,310.88,37.4,99,123.9,102.3,138.5,112.3,115.3,24.1,110.3,112,108.4,120.6,106.4,116.5
2015,ULM,Georgia,0,14,51,Home,4.3,-6.4,93,108,116.67,20.3,69.3,85.5,81.2,75.5,87.6,70.5,26.9,102.2,109,103.3,109.9,105.5,105.7,10.4,21.2,4,6,282.54,41.2,131.3,125.7,123.6,135.4,121.5,136.9,19.9,100.9,132.6,114,109.5,105.1,121.8
2015,Texas State,Florida State,0,16,59,Home,6.5,-5.8,90,95,124.71,29.6,92.2,85.6,85.6,102.8,91.5,89.2,35.5,88.9,90.1,89.4,97.1,92.2,89.9,9.5,14.8,17,3,287.06,37.6,120.8,135.1,128.6,124.8,127.8,131.4,24.4,105.7,105,105.4,110,98.8,112.6
2015,Texas,Notre Dame,0,3,38,Home,6.9,7.3,37,10,272.49,24.9,104.7,87.7,99.3,85.6,100.4,89.6,17.4,110.7,144,123.7,135.4,120.8,137.3,8.5,10.8,31,13,267.79,36.8,116.3,127.2,121.9,128.9,117,130.6,25,99.7,92.3,97.5,94.8,98.5,96.1
2015,Virginia,UCLA,0,16,34,Home,6,7.2,38,50,179.92,27.3,90.5,97.4,93.3,97.8,96.5,91.9,21,124.4,113.2,117.1,117.8,119.9,118,8.2,16.5,11,12,269.68,39.1,129.5,119.4,122.9,117.1,120,125.7,23.3,106.8,118.8,110.7,118,106.1,123
2015,Arizona State,Texas A&M,1,17,38,Home,9.7,11.8,25,19,232.73,36,99.9,112.8,108.3,102.6,99.2,116.4,25,109,106.8,107.9,110.3,108.9,111.1,7.5,11.7,26,11,270.61,37.6,116.5,126.6,121.5,121.5,120.4,126,27.5,81.2,115.7,93,106.5,96.2,96.5
2015,UTEP,Arkansas,0,13,48,Home,6.3,-2.8,85,128,73.03,25.8,103.2,76.8,98.9,80.5,92.2,91,28.6,90.3,105,90.9,116.7,104.1,92.2,8.1,18.8,8,22,222.51,36.4,118.4,116.2,110.1,136.9,114.1,121.1,16.9,124,114.9,117.1,117.1,116.6,122.2
2015,Akron,Oklahoma,0,3,41,Home,5.5,-9.8,101,127,82.38,19.3,89,80.6,86.6,81.8,89.5,79.5,29,100.7,88.7,95.3,93.9,96,94,8.6,15.2,15,15,249.69,37.6,135.5,125.5,129.6,126.7,129,134.8,23.4,117.2,111.7,109.4,120.6,113.5,112.6
2015,Stanford,Northwestern,0,6,16,Home,9.4,15.3,14,24,220.65,30.5,102.2,112.3,106.4,106.5,103.8,108.8,15.5,137,140.1,130.1,166.8,126.5,161.8,4.8,-0.1,69,55,174.83,23.5,91.9,82.5,85.5,88.5,93.7,77.1,23,106.5,100.7,106.8,100.9,104.4,106.7
2015,Bowling Green,Tennessee,1,30,59,Home,5.3,-8.5,97,104,119.83,26.4,98.9,83.6,88.6,97.3,91.2,90.6,35.6,87.8,89.7,89.6,92.7,91,89.3,7,11,30,4,286.26,30.9,113,107.8,110.1,109.4,108.2,110.3,20.4,116.1,123.1,117.1,123.3,115.8,122.3
2015,Kent State,Illinois,0,3,52,Home,3.8,-13.4,114,102,119.93,18.2,73.7,87.1,82.8,89,84.9,81.5,30.8,102.8,92.8,98.4,100.1,97.4,101.5,5.1,-1.7,79,48,181.74,28.6,98.9,102.7,101.7,102.7,99,105.4,30.3,96.5,98.1,99.2,93.2,100.8,94.6
2015,BYU,Nebraska,0,33,28,Away,8,6.7,44,65,165.06,32.2,117.3,114.5,109.9,131,107.8,122.5,26.5,112.7,95.9,100.9,102.9,99.8,103.2,9.1,9.1,32,30,211.72,35,117.6,110.1,109,127.3,113.3,116.4,26.2,93.4,119.6,103.8,105.7,105.7,104.3
2015,Old Dominion,Eastern Michigan,0,38,34,Away,5.3,-9,99,110,115.65,31.7,104.2,106.5,103.5,117,106.6,107.8,39.1,83.3,77.8,90.1,67.1,79.5,84.6,1.7,-24.4,128,115,110.15,16.4,89.6,58.5,75.6,71.9,83.1,64.7,39.7,73.5,86.4,80.5,79.1,88.1,72.7
2015,Penn State,Temple,0,10,27,Home,6.3,5.8,47,14,250,21,83.8,91.8,85.4,97.5,96.6,81.2,14.8,135.5,127.3,121.2,157.7,122.7,141.8,6.6,-1.8,81,80,143.34,18,91.4,84.4,93.5,76.7,86.1,89,18.4,104.8,110.6,108.6,109.6,101.6,117.7
2015,Florida Atlantic,Tulsa,0,44,47,Home,4,-10.6,106,79,146.02,25.3,96.9,94.5,98.1,88.3,98.4,93.1,35.1,83.2,104.1,92.5,93.5,92.4,92.3,1.9,-14.8,119,109,116.08,25.2,89.4,103.9,96.3,97.5,92.8,98.3,38.8,79,75.4,78.8,75.1,86.6,68.4
2015,Troy,NC State,0,21,49,Home,3.7,-17.5,122,117,107.58,22.3,89,89.3,88.5,91.5,90.4,87.5,38.9,79.1,87.5,84.8,80.3,89,78.1,7.5,5.8,46,31,208.69,32.2,136.3,109.2,125.4,109,116,125.9,27.4,92.6,105.4,100.1,95,96.7,100.9
2015,Louisiana,Kentucky,0,33,40,Home,8.6,2.6,55,78,146.18,30.6,113,95.1,108.6,93.3,107.6,104.9,29.3,102.2,93,98.1,95.8,98.1,96.1,5.2,2.8,53,38,193.19,27.9,111.6,97.6,106.9,96.7,102.2,105.5,26.3,98.2,93.5,92.6,105,95.6,94.6
2015,Georgia Southern,West Virginia,0,0,44,Home,9.4,2.8,54,85,137.18,35.6,108.6,104.2,106.9,108,102,114.9,31.9,96.3,97.2,96.9,96.4,96,100,6,6.9,43,35,198.02,31.4,97,112.8,107.3,97.6,104.5,104.8,25.8,115.3,113.8,116.1,112.3,119.8,112.7
2015,New Mexico State,Florida,0,13,61,Home,2.1,-20.2,126,125,87.78,23.3,80.8,90.3,91,72.6,91.1,79.7,41.9,77.7,82.8,80,83.5,80.1,79.4,8,12.4,24,21,227.46,27.8,100.1,87.9,88.3,108.4,91.4,95.8,16.8,123.3,120.2,121.2,120.3,117.7,129.8
2015,UNLV,Northern Illinois,0,30,38,Home,2.8,-14.2,115,106,119.46,24.3,94.3,88.5,92.5,88.1,91.1,89.8,37.8,82.4,78,80.6,79,82.7,76,9.3,-4,86,83,138.94,27.6,99.5,98.3,91.8,110.8,98.7,94.5,30.8,93,94.6,94.6,95.8,91.6,99.2
2015,Mississippi State,Southern Miss,0,34,16,Away,9.5,18.2,9,18,237.46,40.5,128.5,129.1,126.7,126.6,123,132.9,21.5,104.2,121.9,104.9,127.2,115.3,109.3,2.7,-10.8,108,87,133.4,21.6,85.3,84.7,86.2,90.8,95.6,76.5,32.5,94.1,90.2,93.4,91.7,93.2,90.6
2015,Purdue,Marshall,0,31,41,Home,3.4,-1.2,77,67,162.85,24.7,104.1,79,92.6,87.5,98.3,85.3,27.1,94.6,102.8,99.8,96.3,97,100.7,12.5,12.5,22,75,149.98,38.9,124.5,115.9,122.4,114.7,106.1,136.3,27.8,100,119.3,102,141.1,103.3,119.9
2015,Ohio State,Virginia Tech,0,42,24,Away,12.8,26.2,1,7,279.6,45.5,143.8,149.6,134.9,169.1,140.2,153.3,19.5,108.5,131,116.8,131,115.8,127.1,7,4.9,49,29,212.07,24.3,88,91.4,95.1,79.2,92.8,84.4,18,121.2,147.6,131.9,131.9,141.3,128.6
2016,Hawaii,California,1,31,51,Home,3.8,-14.8,113,108,111.87,17.5,89.6,80.7,84.8,84.9,89.7,81.6,33.8,97,87,90.9,100.3,86.2,95.8,7.9,9.8,32,31,207.8,41.3,112.6,127.3,118.5,137.2,118.6,127.1,31,98.3,94.2,95.4,102.3,96.5,96.4
2016,Charlotte,Louisville,0,14,70,Home,1.1,-21.6,127,119,106.83,12.1,81.8,68.5,80.5,62.7,76.7,72.2,32.1,89.6,98.5,91.4,106.3,96.1,94.5,8.2,10.9,27,38,196.02,31.8,113.1,103.6,103.6,120.3,109.4,107.6,21.2,120.7,104.4,112.7,106.4,109.8,114
2016,Tulane,Wake Forest,0,3,7,Home,3.8,-17.9,120,97,127.78,17,81.3,73.7,75.8,82.8,76.6,78,33.9,98.4,88,91.7,91,91.6,90.8,3.3,-3.9,88,57,169.4,22.4,83,89.7,88.4,89.7,90.7,86,25.7,114.8,93.4,101.6,106.8,103.2,104
2016,Indiana,FIU,0,34,13,Away,6.8,4.4,58,53,172.23,39.5,105.6,126.3,111,123.1,111.3,117.6,35.5,87.4,92.9,91.3,89,97.7,86.1,4.7,-14.2,110,104,119.8,20.5,83,84.9,85.4,86.2,88.1,83.6,34,81.3,89.2,85.6,94.8,79.3,94.6
2016,South Carolina,Vanderbilt,0,13,10,Away,4.6,-3.1,85,25,216.77,28.2,100,112.9,101.8,117.4,102.4,110.3,32.4,87.9,87.4,90.4,82.7,84.1,89.2,4.2,-1.6,79,54,171.54,18.7,92.2,85.7,90.5,82.5,91.3,84.3,18.8,106.8,116.6,113.3,110.3,109.6,115.1
2016,Rice,Western Kentucky,0,14,46,Home,4.9,-17.8,118,129,93.86,23.9,98.9,92.3,93.9,98.9,99.8,91.4,40.9,86.1,76.4,83.6,75.9,85.1,76.8,11.3,15.9,12,101,124.1,42.5,112.3,141,127.8,145.1,126.6,138.1,28,103.1,97.6,103.6,94.7,101,99.8
2016,Oregon State,Minnesota,0,23,30,Home,2.2,-10.1,100,58,169.17,24.5,94.6,78,94.2,72.8,87.7,86.2,34.4,90.2,86.8,91.1,87.1,93.5,88.5,6.2,11.1,26,46,182.22,29.7,101,113.2,111,99.6,117.5,104.1,20.1,96.2,116.9,105.3,110,100.3,112.8
2016,Kansas State,Stanford,0,13,26,Home,4.3,-2,80,72,155.49,27.6,107.9,84.9,98.2,89,104.9,89.2,30.9,91.2,98.5,92.8,102.7,96.1,94.5,11.2,17.5,9,16,245.82,41.2,114.5,132,117.8,123.2,121.8,119.1,25.2,102.3,103.8,102.4,109.5,106.6,103.1
2016,Ball State,Georgia State,0,31,21,Away,3,-13.2,108,113,110.91,24.2,93.2,91.1,93.7,86.5,92.8,89.9,37.4,93.9,75.2,87.8,76.9,81.5,85.9,7.3,-6.7,93,127,96.32,26.9,78.7,108.2,95.4,112.8,95.5,103.2,32.5,109.7,94.3,97.8,116.6,95.4,105.9
2016,Army,Temple,0,28,13,Away,3.6,-19.9,122,117,108.9,18.7,96.8,104.6,90.9,88,93.4,88.5,38,93.3,80.5,85.8,85.2,88.5,82.3,9.2,5,55,59,167.55,25.5,95,99.7,89.3,117.4,95.6,99,21.7,113.3,113.1,108.7,121.4,116.9,110.2
2016,Colorado State,Colorado,1,7,44,Home,7.2,-3.4,87,76,150.5,28.3,106.8,105.2,107.1,98.7,112.9,100.7,31.9,89.3,92.5,94.4,77.3,91,86.2,4.3,-8.4,97,69,160.42,24.5,97,88.3,96.3,83.6,94.6,88.7,31.8,91.1,99.1,93.7,99.1,95.9,95.4
2016,Toledo,Arkansas State,0,31,10,Away,9.2,9.8,33,88,132.92,32.8,107.1,101.8,97.2,118.7,96.4,107.8,21.8,121.6,112,118,110,112.6,117.6,8.8,-2.1,82,90,132.18,28.6,110.2,96.1,104.4,100,100.4,104.2,31.9,99.8,103.6,97.8,108.9,107.9,97.6
2016,USC,Alabama,1,6,52,Home,7.6,13.6,16,10,273.71,38.7,109.7,112.6,109.7,111.9,112.3,110.9,25,112.5,105.3,108.7,109.1,114.8,106.8,13.1,27.8,1,1,302.04,36.6,118.7,117.5,115.3,116.3,116.3,117.4,9,152.9,148.1,145.5,148.3,156.6,143.9
2016,Clemson,Auburn,0,19,13,Away,13.1,26.8,2,11,271.16,42.2,112,143.4,124.7,127.5,121.2,132.1,16,121.5,128.5,138.8,100.8,128.5,122.9,6.7,11.2,24,9,275.14,32.6,108.6,108.4,100.8,119.9,113.5,100.8,22.7,104.8,113.8,109.1,112.5,106.6,115.1
2016,Oklahoma,Houston,1,23,33,Home,10.4,21.8,3,19,238.73,41.9,115.3,127.2,127.5,102.4,115.7,127.4,21.3,116.1,131.4,122,126.7,118.9,128,10.2,6.3,46,36,201.5,34.1,108.2,106,103.3,114.2,104.8,107.3,28.2,112.8,95.7,99.1,104.8,100,102.2
2016,LSU,Wisconsin,1,14,16,Home,8.6,17.3,11,2,295.03,39.7,125.2,112.6,116,119.4,108.7,124.6,22.5,108.6,128,114.6,132.7,121.8,120.1,9,9.2,34,35,202.85,25.4,98.7,110.2,101.3,112.1,110.3,101.2,15.4,120.6,125.6,119.7,132.8,116.3,127.9
2016,Bowling Green,Ohio State,0,10,77,Home,10.2,11.7,23,111,111.58,41.4,129.4,120,114.3,154.8,124.6,126,28.1,99.9,99.7,108.3,84.2,95.2,102.7,12.1,21.7,4,4,289.12,38,124.7,118.5,121.2,119.6,122,121.5,16.7,118.8,138.2,122.1,140.5,123.3,133
2016,Hawaii,Michigan,0,3,63,Home,3.8,-14.8,113,108,111.87,17.5,89.6,80.7,84.8,84.9,89.7,81.6,33.8,97,87,90.9,100.3,86.2,95.8,10.6,20.5,5,8,280.38,33.1,104.6,124.5,108,132.2,111.4,117.8,13.6,110.4,121.9,114.1,120.7,117.6,115.3
2016,Rutgers,Washington,0,13,48,Home,3.9,-12.2,106,64,163.8,26,105.1,107.7,107.5,96.3,106.9,103.2,37.3,89.8,75,80.7,80.3,87.9,75.3,7.7,17.4,10,29,209.87,33.5,104.8,90.1,97.7,97.8,103,93.9,16.6,121.2,113.7,118.2,122.4,114.9,123.9
2016,UCLA,Texas A&M,0,24,31,Home,9.3,13,19,13,259.06,37.7,104.2,106.3,100,122.2,104.4,106.9,25.7,100.7,116.7,104.7,129.3,105.1,116.2,7.8,8.5,37,18,238.94,29.9,114.3,96.2,105,97.9,104.7,101.9,22.4,95.8,138.7,107.4,126.2,113.6,113.1
2016,Miami-OH,Iowa,0,21,45,Home,3.5,-15.4,115,93,129.79,17.2,86.7,87.6,93.7,77.1,84.4,89.4,31.2,97.6,97.6,100.3,97.1,102,96.5,10,7.4,42,47,181.39,29.4,108,108.2,100.6,122.4,107.4,107,23.3,115.1,106.6,110.3,110,106.3,113.6
2016,Georgia,North Carolina,1,33,24,Away,9.5,6.6,45,6,281.31,26.4,116.7,116.5,118.9,101.9,112.2,117.8,18.7,116.9,113.1,115.2,112.6,114.6,113.8,11,10.7,28,32,204.83,38.9,116.1,120.9,119,118.7,114.2,123.6,29.5,85.6,104.1,94.4,98.5,87.9,99.7
2016,Massachusetts,Florida,0,7,24,Home,4,-10.3,101,86,136.04,23.9,107.5,89.6,101.1,90.2,95.3,98.3,33,101.5,85.1,95,91.5,87.5,98.4,9.2,10.4,30,12,260.96,27.7,100.4,108.1,104.8,103.6,106,103.7,16.5,121.8,123.8,110.9,149.2,120,125.7
2016,Georgia Tech,Boston College,1,17,14,Away,3.2,3.8,60,60,167.13,29.9,110.7,94.5,114,86.2,114.1,100.2,26.7,95.4,99.2,98.2,98.2,96.2,99.9,5.9,1.6,66,78,146.69,15,87.4,56.9,70.4,81.6,78.5,70.6,12.4,151.8,119.9,119,159.2,133,134.4
2016,Western Michigan,Northwestern,0,22,21,Away,7.5,5.2,53,67,160.72,37.2,108.9,122.1,111.3,126.1,106.5,121.6,32.2,89.2,96.4,92.1,95.4,101.4,88.3,7.2,4.7,57,52,174.91,20.7,94.7,82.9,88.7,88.1,87.8,88.3,14.6,116.3,124.7,113.9,130.7,118,122.3
2016,Boise State,Louisiana,0,45,10,Away,9.2,8.3,38,68,160.66,30.6,99.8,98.2,101.1,96.6,101.9,99.4,23.7,121.7,104.5,115,97.8,120.9,100.9,4.1,-14.8,112,106,115.83,22.3,101.9,85.8,97.3,83.7,93.2,92.1,36.5,92.3,92,98.2,83.6,93.7,92.1
2016,South Alabama,Mississippi State,0,21,20,Away,3.9,-9.9,99,87,134.08,24.3,97.9,87.1,88,103.7,94.2,90.6,34.7,91.3,101.5,100,90.2,97.7,96.3,8.4,15.7,13,28,211.11,39.1,112,125.8,120,119.9,118.2,122.6,24.2,104.8,107,102.4,116,101.8,110.2
2016,Missouri,West Virginia,0,11,26,Home,4.4,-2.2,83,43,188.37,15.8,79.1,77.7,77,84,80.2,77.3,17.6,120,117.3,116.2,122.7,111.3,127,8.5,11.9,21,39,194.45,34.1,110,105.1,108.2,100.9,105,108,22.9,130.1,114.7,119.5,122.7,126.8,118
2016,Kent State,Penn State,0,13,33,Home,3.6,-14,109,131,82.77,8.3,82.1,70.4,79.6,70.6,73,77,21,100.4,111.5,107.1,108.8,106.8,108.5,7.2,8.9,35,20,237.79,29,108.9,96.2,107.2,90.3,101.2,103.8,19.7,109.8,124.5,105.3,135.2,109.9,118.6
2016,Texas State,Ohio,0,56,54,Away,3.8,-16.7,117,110,111.71,27.1,102.8,90.5,96,98.4,97.8,95.4,42.8,85.2,76,84.6,76.7,78.9,83.4,7.6,0.2,71,115,109.82,27.6,97.5,103.9,98.7,103.1,97.7,100.5,27,99.9,110.4,106,103.6,109.4,101.9
2016,Louisiana Tech,Arkansas,0,20,21,Home,9.3,5,54,94,128.91,34.5,105.8,107.7,112.4,99,105.1,110.1,30.2,109.9,93.3,100,104.2,101.8,101.3,8.6,13.5,17,23,219.34,43,123.2,151.4,126,157.5,134.1,136.3,28.3,102,84.6,90.2,95.3,91.1,92.3
2016,SMU,North Texas,0,34,21,Away,2.6,-10.8,103,75,152.27,28.7,105.7,92.6,99.6,96.4,98.4,99.1,39.2,79.6,82,79.7,88.8,86.7,76.9,0.8,-24.1,128,102,122.36,16.1,97.9,51.6,81.1,56.3,86.8,62,39.3,81.6,90.3,88.2,84.8,88.7,86.4
2016,San Jose State,Tulsa,0,10,45,Home,6.3,-5.1,91,84,137.84,27.2,105.9,99.2,95.1,121.4,106.2,99.1,31.5,88.1,106.3,91.7,101,93.2,94.4,4.8,-8.6,98,95,128.52,32.8,93.4,101.8,100.3,94,95.3,100.4,40.1,81.7,84,84,82.7,86.8,81.4
2016,Southern Miss,Kentucky,0,44,35,Away,9.3,2.4,64,100,126.05,33,106.5,104.4,102,117.7,96.3,113.5,29.4,98,96,100,93.4,103.7,93.8,5,-4.9,90,34,204.07,23.6,108.2,90.9,95.1,110.2,97.5,100.3,29.2,89.7,86.8,87.7,90.1,86.8,89.2
2016,Fresno State,Nebraska,0,10,43,Home,4.3,-10.7,102,85,137.22,21.2,98,68.3,79.9,88.2,84.3,79.5,31.4,89.1,91.5,94.5,80,91.3,90.3,6.8,8.8,36,26,216.76,34.9,108.2,119.2,112.1,117.1,108.7,117.4,26.6,110.4,95,97.4,103,107.8,94.4
2016,New Mexico State,UTEP,0,22,38,Home,3.8,-18.3,121,128,94.49,25.8,109.9,78.3,92,97.4,86.7,97.4,42.6,85.3,80.3,87,79.1,88.9,80.9,3.6,-20.2,124,125,99.39,18,78.6,75.7,76.4,79.5,76,77.2,38.9,98.7,82.1,89.5,89,96.4,83.9
2016,BYU,Arizona,1,18,16,Away,8.6,9.9,31,49,177.85,32.3,104.4,113.7,109.9,115,110.7,112.2,23.1,98.5,104.9,99.5,110.7,102.6,104.4,6.9,-0.6,77,48,180.42,35.1,107.2,103.4,98.7,123.6,100.3,109.5,36.7,100.3,80.9,96.7,78.8,94.3,87.4
2016,Northern Illinois,Wyoming,0,34,40,Home,8.1,-0.3,76,112,111.4,26.4,96.2,105,97.4,100.2,100.2,97.3,26.6,100.6,98.6,97.7,106.2,95.3,104.3,2,-15,114,116,109.65,23.4,91.4,90.7,100,69.6,95.3,87.4,37.1,93,80.5,91,77.3,86.7,85.9
2016,Notre Dame,Texas,0,47,50,Home,10,18.7,7,15,249.43,41.2,128.7,130.9,120.6,153.2,125.2,134.5,23.3,102.9,108.7,103,110.5,110,102.7,5.2,1.1,69,7,280.66,28.6,108.9,80.6,105.4,79.8,97,97.7,28.2,97.3,116.3,106,113.6,101.8,115.2
2016,Ole Miss,Florida State,1,34,45,Home,10.9,20.2,6,5,281.69,41.6,113.7,146.2,129.9,135,127.2,137.3,21.4,117.7,114.6,111.9,117.8,112,116.8,10.9,18,8,3,294.83,35.9,124.6,114.2,109.6,142.6,117.5,121.8,19.4,116,130.8,125.8,115.5,113.9,131
2017,Stanford,Rice,1,62,7,Away,8.2,11.1,23,14,246.79,30.3,115.6,91,106.1,100.7,99.3,108.1,20.8,116.6,113,120.1,109.4,118.9,116.9,3.9,-15.1,121,122,101.12,24.7,91.8,80.1,87.1,81.6,93.5,79.6,39.1,91.7,79.6,94.2,69,95.3,79.4
2017,USF,San Jose State,0,42,22,Away,9.6,3.6,55,76,150.65,39.7,121.6,115.6,122.1,103.7,105.4,127,36.4,90,92.6,87.1,111.8,87.4,94.9,3.4,-11.6,112,98,122.11,24.2,99.4,82.6,93.9,84.4,92.9,88.7,36.5,91.6,94.6,93.1,96.3,95.2,91.3
2017,Oregon State,Colorado State,0,27,58,Home,5.2,0.4,65,51,181.32,28.3,116.2,83.6,107.1,88.2,93.6,103.9,27.3,86.5,110.1,95.7,106.9,96.8,99.8,8.1,7.1,38,73,158.09,37.3,116.2,121.1,120.3,106.3,113.6,119.2,31.4,91,99.1,94.3,94.6,94.9,94.3
2017,Hawaii,Massachusetts,0,38,35,Away,6.7,-6.6,97,86,133.96,28,103.6,101.3,105.6,94.6,96.4,107.7,36.2,94.2,93,91.5,102.2,92,95.1,3.1,-13.4,117,110,115.82,23.3,92.8,96,100.9,91.5,93.5,97.9,35.2,92.5,86.7,87.8,100.2,90.6,88.5
2017,Ohio State,Indiana,0,49,21,Away,9,24.6,5,2,312.14,36.9,133.4,101.1,117.5,115.2,128.1,110.8,13.6,120.4,125.4,128,114.3,126.1,123.6,7.7,4.3,53,62,167.99,29.2,90.7,117.9,97.8,119.9,100.5,106.7,23.9,115.8,101.8,110.9,104.4,112.1,107.3
2017,Tulsa,Oklahoma State,0,24,59,Home,9.7,4.3,54,85,135.07,34.4,110.1,111.3,111.2,106.5,109.9,110.9,30.5,99.1,109,102.5,108.5,113,98.5,9.3,11.1,22,38,194.18,39.5,102.8,118.9,112.4,113.3,108.6,115.4,29.4,97.8,99,95.1,114.9,101.3,98.2
2017,FIU,UCF,0,17,61,Home,3.1,-14.3,120,83,137.75,24.7,99.5,94.1,96.2,93.3,90.8,98.3,37.7,88.3,88,89.5,95.6,83.5,93.9,6,-1.7,75,55,178.34,20.5,82.9,85.6,86.6,81.9,86.6,81.8,23.7,96.8,116.6,103.2,113.6,106.2,106.2
2017,Buffalo,Minnesota,0,7,17,Home,2.3,-21.5,127,113,112.97,16.4,91.7,79.2,86.3,84.1,84.7,85.1,36.4,83.4,93.2,81.1,108.5,88.7,84.7,8.7,6.2,42,59,171.42,26.9,91.8,98.2,97.6,83.9,96.2,91.4,22.3,117.3,113.7,122.6,100.3,112.6,116.8
2017,ULM,Memphis,0,29,37,Home,3.9,-17.9,126,102,121.55,22.6,99.5,86.6,91.2,94.6,96.1,88.3,40.3,73,87.1,77.3,90.8,80.4,79.7,7.1,5.9,44,56,177.6,34.3,107.9,110,112.3,106.5,107.3,113.3,30,90.1,101.7,97.3,90.7,93.5,96.9
2017,New Mexico State,Arizona State,0,31,37,Home,2.6,-14,119,129,94.57,25.7,109.1,81.4,92.1,100.1,93,93.1,38.9,95.1,79.3,88.7,85.2,88.9,85.1,3.6,-4.5,83,32,206.68,30.8,87.5,100.7,91,102.3,91.6,94.5,36.9,92.1,91.9,88.3,98,106.9,83.3
2017,Washington,Rutgers,0,30,14,Away,11.5,20.6,7,22,224.74,38.2,121.6,134.2,129.4,117.2,128.4,128.4,17.9,124.2,131.5,126.5,134.9,122.1,134.8,2,-12.8,114,42,189.01,16.9,100,78.8,97.6,73,95.9,84.8,28.1,92.4,92.4,93.9,85.6,95.2,88.8
2017,Utah State,Wisconsin,0,10,59,Home,4.8,-0.4,70,104,120,27.8,115.3,83,100.1,95.5,98.1,98.1,27,103.6,115.7,105.3,114.7,103.2,112.3,10.3,18.2,11,39,193.87,32.4,106.5,126.3,110.7,121.5,118.6,111,14.6,119.1,120.1,117.9,121,115.3,123.3
2017,Charlotte,Eastern Michigan,0,7,24,Home,3.8,-17.3,125,114,111.82,20,86.6,71,78.1,84.5,81.1,77.1,36.1,105.7,89.2,97.8,88.9,93,95.8,6.4,-4.3,82,123,100.97,30.4,89.7,105,94.5,105.3,102,94.2,34.9,93,91.5,90.8,102.4,87.2,97
2017,Navy,Florida Atlantic,0,42,19,Away,7.2,4.4,52,88,131.73,37.9,131.7,126.5,113.6,141.9,122.8,119.8,34.4,102.1,83.1,95.3,83.9,93.7,90.9,4.1,-13,115,60,171.18,27.8,108.3,89.5,103.9,79.7,93.7,98.5,41.5,90.3,78.1,90.2,74.8,83.9,85.4
2017,Colorado State,Colorado,1,3,17,Home,8.1,7.1,38,73,158.09,37.3,116.2,121.1,120.3,106.3,113.6,119.2,31.4,91,99.1,94.3,94.6,94.9,94.3,9.2,11.7,18,35,203.78,32.4,96.6,115.6,102.5,112.4,109,102.9,19.6,111.9,124.4,115.3,129.9,119.1,120
2017,Boston College,Northern Illinois,0,23,20,Away,5.9,-5.3,86,67,162.61,17.2,79.1,84.8,78.1,88.1,79.3,80.3,21.7,125.9,112,103.6,151.9,128.5,110,5.9,-2.3,77,97,122.74,32.1,102.9,96.6,96.2,103.8,99.4,97.6,33.1,100.7,96.8,100.2,97,101.4,99
2017,Florida State,Alabama,1,7,24,Home,10.1,21.7,6,6,292.88,40.9,131.7,126.4,122,147.7,133.3,128.7,19.3,112.3,118.8,116.8,111.1,119.9,114.2,13.8,34,1,1,323.87,39.4,134,115.8,122,132.2,125.2,125.9,5.9,190.4,163.8,164,184.7,168.8,177.6
2017,Western Michigan,USC,0,31,49,Home,11.7,7.3,35,89,129.94,36.6,113.1,132,120.5,111,118.2,120.1,29.7,93.4,97.6,96.8,92.4,95.5,95.3,9.4,19.3,9,4,297.1,39.2,117.7,136.1,122.1,144.2,129.2,128.2,20.9,119.8,119.8,116.5,125.9,122.5,118.1
2017,Kent State,Clemson,0,3,56,Home,4.1,-12.1,113,128,94.88,18.1,99.2,67.7,81,90.6,83.3,83.4,29.1,94.4,108.2,99.2,109.3,95.9,106.4,13,26.9,2,16,238.91,39.8,113,133,124.7,122.5,136.6,118.5,13.8,113.6,133.5,111,153.5,124.2,121.6
2017,Akron,Penn State,0,0,52,Home,4.8,-11.3,109,131,88.91,24.4,90.9,106.6,96.1,111.7,95.4,104.4,36,89.7,90.3,94.3,83.5,91,90.1,10.6,19.4,8,15,240.47,37.9,102,141.2,116.5,130.5,113,128.2,19.8,113.6,103.8,108.9,105.5,110,107.2
2017,UTEP,Oklahoma,0,7,56,Home,4.1,-16.6,122,133,85.51,23.3,104.7,83,95,93.2,86.7,99.8,39.6,87.1,82,84.1,87.9,84,85.2,10.8,19.1,10,8,270.79,46.8,117.9,155.9,129,153.6,127.2,141.8,27.9,103.7,107.6,108.4,102.3,114.9,102.9
2017,Michigan,Florida,1,33,17,Away,10.7,26.8,3,5,296.03,33.8,106.2,115.4,110.1,108.7,114.1,108.7,7.7,133.3,165.9,141.7,150.3,146.9,149,7.8,14.1,15,11,251.23,26,97.5,105.9,100.7,104.2,105.8,99.4,13.3,122.9,131,132.6,112.5,124.5,128.7
2017,Georgia Southern,Auburn,0,7,41,Home,5,-5.7,91,106,118.78,23.9,85.6,101.9,86.4,97.3,91.1,87.1,30.5,95.3,91.7,93.5,94,93.5,93.2,7.9,17.6,13,9,255.92,34.8,113.2,109.2,106,123.5,116.9,107.6,18.3,120.8,110.3,120.5,103.2,114.1,117.2
2017,BYU,LSU,1,0,27,Home,9.1,7.2,37,66,167.37,29.5,112.4,91.4,98.6,108.5,107.9,96.9,23.6,126.4,96.8,117.3,94,103.2,112.5,9.2,24.6,4,7,287.66,37.3,130.2,112.8,121,120.8,121.5,122.9,12.6,134.6,151.3,134.7,162.4,141.6,145.1
2017,Appalachian State,Georgia,0,10,31,Home,9.4,6.8,40,107,116.78,30.3,113.1,110.7,110.5,110.8,107.3,113,23.4,105.7,121.8,107.9,127.8,113.8,113.8,7.8,-0.2,68,3,301.6,25.3,98.3,91.1,94,98.3,92.5,94.7,24.4,113.3,111.6,114.1,105.8,105.2,116.7
2017,Louisville,Purdue,1,35,28,Away,9.6,18.1,12,34,205.15,39.3,152.3,118.7,135,122.8,131.8,136.8,20.9,119.8,99.2,109.1,109.5,114.9,106.2,3,-9.4,105,72,158.89,25.1,88.7,94.2,88,107.4,93.2,92,34,83,88.8,87,86,90.1,83.6
2017,Maryland,Texas,0,51,41,Away,5.9,-5.4,87,18,230.17,26.3,120,87.5,105.5,103.3,108.6,103.7,30.7,76.2,95.5,84.8,88.4,80.3,87.8,6.8,7.3,36,25,217.76,35.7,104.1,99.6,108.3,80.1,103.6,99.7,28.4,105.7,107.8,109.7,106.8,107.5,111.4
2017,Ball State,Illinois,0,21,24,Home,5.6,-5.2,84,90,128.8,29.4,112.4,92.8,102.5,101.7,106.6,98.8,34.6,97.5,99.4,101.9,84,97.2,95.6,3.3,-6.3,95,46,185.24,21.8,100.6,90.3,97.5,91.5,91.4,98.7,28.4,82.9,94,93.4,77.6,91.6,87.1
2017,Wyoming,Iowa,0,3,24,Home,7.3,1.4,61,99,122.05,34.6,110.2,106.4,105.5,109.1,101.2,109.2,33.4,96.6,97.6,92.4,100.6,105,88.5,8,8,30,41,191.44,27.6,112.6,97.9,110.7,93,110.4,103.1,19.8,101.4,117.3,106.1,120.2,105.8,112.4
2017,Bowling Green,Michigan State,0,10,35,Home,3.7,-11.5,111,81,138.14,25.3,102.1,89.7,96.7,92.7,96.9,94.6,37.1,96.4,85.4,93,91.1,90.3,93.3,5,3.4,57,36,203.65,29.3,104.7,107.7,111.6,95.2,103.6,107.3,26.3,103.8,84.4,96.9,87.6,95,94.2
2017,California,North Carolina,0,35,30,Away,5.7,4.4,51,70,159.53,40.1,105.9,114.1,109.3,118.7,113,111.7,36,86.4,94.4,95.9,79.5,91,90.3,8.5,11.1,21,29,207.81,36.3,113.7,123.1,116.4,130.8,115.2,124.9,26.6,98.5,98.7,100.2,103.7,94.6,105
2017,NC State,South Carolina,1,28,35,Home,8.5,10.6,25,53,180.46,31.5,102.2,114,100,129,112.1,105.5,19.4,123,118.2,123,114.7,120.1,122.7,5.3,-3.6,79,21,227.58,23.1,90.7,89.8,88.8,95.6,91.6,88.2,27.4,99.1,104.1,105.3,96,95.6,107.4
2017,Temple,Notre Dame,0,16,49,Home,10.7,7.5,32,119,108.13,27.4,100.5,107.7,98,116.4,95.1,108.8,20.2,109.8,117.1,114.2,110.9,110.5,113.9,7.2,10.5,26,10,251.32,34.4,112,105.8,108,114.9,111.9,109.1,23.4,114.5,94.1,107.8,105.3,106.7,109
2017,Nevada,Northwestern,0,20,31,Home,4.5,-17.2,124,95,125.03,23.6,97.4,87.1,90.7,96.5,95,89.7,39.7,84.8,79.9,87.4,73,76.9,87.1,6.6,4.6,49,50,182.07,29.8,98,98,100,98.7,101.2,97.9,24,107.7,103.6,98.5,121.4,105.9,103.9
2017,Troy,Boise State,0,13,24,Home,9.1,0.9,63,96,123.9,27.4,92.8,106.8,102.3,93.5,103.5,100.1,26.9,107.8,113.9,113,104.6,109.3,111.1,10.2,11.6,19,64,167.43,37.8,104.3,121.4,112,116.4,110.1,115,26,121.7,110.5,109.8,131.8,109.6,121.8
2017,Kentucky,Southern Miss,0,24,17,Away,6.7,0.1,67,30,207.73,31.7,120.9,101,112.7,106.4,106.2,114.9,31.6,93,99.3,98.7,88.3,89.6,99.3,6.9,-3.5,78,74,152.71,27,92.4,99.4,97.8,96.5,93.8,98.2,31.6,95.8,102.7,89.6,126.1,111.3,91.8
2017,Miami-OH,Marshall,0,26,31,Home,6.9,-7.1,98,94,126.73,23.8,95.4,104.2,100,99.5,96.5,100.8,30.1,98.8,103.5,100.2,106.7,96.6,106.4,3.3,-13.6,118,87,132.84,21.5,81.5,83.3,86.6,78.8,86.2,80.7,33.9,98.1,92.6,94,101.2,91.8,96.9
2017,South Alabama,Ole Miss,0,27,47,Home,6.1,-6,93,116,110.24,25,103,89,98.5,85.9,95.6,92.6,30,84.8,90.5,88.3,84.4,87,87,6,9.7,27,31,207.63,38.8,104.6,125.2,116.5,114.2,114.4,118.6,30,99.6,98.4,98.6,100,103.1,96
2017,Arkansas State,Nebraska,0,36,43,Home,9.1,-3.7,80,111,114.91,22.2,86.2,98.6,91.8,97.4,88.8,96.1,24.5,108.4,115.6,112.7,108.5,109.7,112.6,7.9,5.5,46,23,224.33,28.9,96.5,109,99.1,110.1,102.9,100.4,24.1,102.9,103.4,98.5,113.4,103.4,102.8
2017,Vanderbilt,Middle Tennessee,0,28,6,Away,4.5,-0.5,71,65,167.42,25.8,104.2,93,106.6,78.9,96,97.9,26.2,102.4,107.3,103.8,106.8,101.9,105.8,7.9,-6.2,94,91,128.1,32.5,116.6,101.9,109.4,108.1,97.4,115.5,38.6,89.7,94.6,93.2,98.3,87.5,98.4
2017,West Virginia,Virginia Tech,1,24,31,Home,7.9,9.1,29,57,174.68,36.3,101.2,111.4,104.7,110,100.6,108.8,25.9,112,108.4,111.2,109.9,114.7,109,9,12,17,26,217.74,32,93.2,110.7,94.4,122.7,108.1,97.8,20.2,108,123.2,106.5,143.9,115.4,118.3
2017,Texas A&M,UCLA,0,44,45,Home,8.8,10.8,24,13,248.58,35.7,114.4,109.5,106.1,125.2,108,114.2,25.6,104.3,100.2,99.7,110.9,101.9,103.4,5.9,2.8,58,20,229.13,27,77.2,96.8,86.6,98.9,90,90.8,23.2,116.2,114.4,110.9,135.3,110.1,123
2017,Tennessee,Georgia Tech,1,42,41,Away,8,9.6,28,17,237.21,36.3,124.1,127.3,126.5,113.9,121.6,127,27.8,95.4,106.1,93.2,120.2,98.4,101.1,7.4,5.8,45,48,184.4,33,116.5,126.7,114.9,116.1,106.1,122.1,28.3,91.1,97.4,93.4,98,89.1,98.7
2017,Charlotte,Eastern Michigan,0,7,24,Home,3.8,-17.3,125,114,111.82,20,86.6,71,78.1,84.5,81.1,77.1,36.1,105.7,89.2,97.8,88.9,93,95.8,6.4,-4.3,82,123,100.97,30.4,89.7,105,94.5,105.3,102,94.2,34.9,93,91.5,90.8,102.4,87.2,97
2017,Navy,Florida Atlantic,0,42,19,Away,7.2,4.4,52,88,131.73,37.9,131.7,126.5,113.6,141.9,122.8,119.8,34.4,102.1,83.1,95.3,83.9,93.7,90.9,4.1,-13,115,60,171.18,27.8,108.3,89.5,103.9,79.7,93.7,98.5,41.5,90.3,78.1,90.2,74.8,83.9,85.4
2017,Colorado State,Colorado,1,3,17,Home,8.1,7.1,38,73,158.09,37.3,116.2,121.1,120.3,106.3,113.6,119.2,31.4,91,99.1,94.3,94.6,94.9,94.3,9.2,11.7,18,35,203.78,32.4,96.6,115.6,102.5,112.4,109,102.9,19.6,111.9,124.4,115.3,129.9,119.1,120
2017,Boston College,Northern Illinois,0,23,20,Away,5.9,-5.3,86,67,162.61,17.2,79.1,84.8,78.1,88.1,79.3,80.3,21.7,125.9,112,103.6,151.9,128.5,110,5.9,-2.3,77,97,122.74,32.1,102.9,96.6,96.2,103.8,99.4,97.6,33.1,100.7,96.8,100.2,97,101.4,99
2017,Florida State,Alabama,1,7,24,Home,10.1,21.7,6,6,292.88,40.9,131.7,126.4,122,147.7,133.3,128.7,19.3,112.3,118.8,116.8,111.1,119.9,114.2,13.8,34,1,1,323.87,39.4,134,115.8,122,132.2,125.2,125.9,5.9,190.4,163.8,164,184.7,168.8,177.6
2017,Western Michigan,USC,0,31,49,Home,11.7,7.3,35,89,129.94,36.6,113.1,132,120.5,111,118.2,120.1,29.7,93.4,97.6,96.8,92.4,95.5,95.3,9.4,19.3,9,4,297.1,39.2,117.7,136.1,122.1,144.2,129.2,128.2,20.9,119.8,119.8,116.5,125.9,122.5,118.1
2017,Kent State,Clemson,0,3,56,Home,4.1,-12.1,113,128,94.88,18.1,99.2,67.7,81,90.6,83.3,83.4,29.1,94.4,108.2,99.2,109.3,95.9,106.4,13,26.9,2,16,238.91,39.8,113,133,124.7,122.5,136.6,118.5,13.8,113.6,133.5,111,153.5,124.2,121.6
2017,Akron,Penn State,0,0,52,Home,4.8,-11.3,109,131,88.91,24.4,90.9,106.6,96.1,111.7,95.4,104.4,36,89.7,90.3,94.3,83.5,91,90.1,10.6,19.4,8,15,240.47,37.9,102,141.2,116.5,130.5,113,128.2,19.8,113.6,103.8,108.9,105.5,110,107.2
2017,UTEP,Oklahoma,0,7,56,Home,4.1,-16.6,122,133,85.51,23.3,104.7,83,95,93.2,86.7,99.8,39.6,87.1,82,84.1,87.9,84,85.2,10.8,19.1,10,8,270.79,46.8,117.9,155.9,129,153.6,127.2,141.8,27.9,103.7,107.6,108.4,102.3,114.9,102.9
2017,Michigan,Florida,1,33,17,Away,10.7,26.8,3,5,296.03,33.8,106.2,115.4,110.1,108.7,114.1,108.7,7.7,133.3,165.9,141.7,150.3,146.9,149,7.8,14.1,15,11,251.23,26,97.5,105.9,100.7,104.2,105.8,99.4,13.3,122.9,131,132.6,112.5,124.5,128.7
2017,Georgia Southern,Auburn,0,7,41,Home,5,-5.7,91,106,118.78,23.9,85.6,101.9,86.4,97.3,91.1,87.1,30.5,95.3,91.7,93.5,94,93.5,93.2,7.9,17.6,13,9,255.92,34.8,113.2,109.2,106,123.5,116.9,107.6,18.3,120.8,110.3,120.5,103.2,114.1,117.2
2017,BYU,LSU,1,0,27,Home,9.1,7.2,37,66,167.37,29.5,112.4,91.4,98.6,108.5,107.9,96.9,23.6,126.4,96.8,117.3,94,103.2,112.5,9.2,24.6,4,7,287.66,37.3,130.2,112.8,121,120.8,121.5,122.9,12.6,134.6,151.3,134.7,162.4,141.6,145.1
2017,Appalachian State,Georgia,0,10,31,Home,9.4,6.8,40,107,116.78,30.3,113.1,110.7,110.5,110.8,107.3,113,23.4,105.7,121.8,107.9,127.8,113.8,113.8,7.8,-0.2,68,3,301.6,25.3,98.3,91.1,94,98.3,92.5,94.7,24.4,113.3,111.6,114.1,105.8,105.2,116.7
2017,Louisville,Purdue,1,35,28,Away,9.6,18.1,12,34,205.15,39.3,152.3,118.7,135,122.8,131.8,136.8,20.9,119.8,99.2,109.1,109.5,114.9,106.2,3,-9.4,105,72,158.89,25.1,88.7,94.2,88,107.4,93.2,92,34,83,88.8,87,86,90.1,83.6
2017,Maryland,Texas,0,51,41,Away,5.9,-5.4,87,18,230.17,26.3,120,87.5,105.5,103.3,108.6,103.7,30.7,76.2,95.5,84.8,88.4,80.3,87.8,6.8,7.3,36,25,217.76,35.7,104.1,99.6,108.3,80.1,103.6,99.7,28.4,105.7,107.8,109.7,106.8,107.5,111.4
2017,Ball State,Illinois,0,21,24,Home,5.6,-5.2,84,90,128.8,29.4,112.4,92.8,102.5,101.7,106.6,98.8,34.6,97.5,99.4,101.9,84,97.2,95.6,3.3,-6.3,95,46,185.24,21.8,100.6,90.3,97.5,91.5,91.4,98.7,28.4,82.9,94,93.4,77.6,91.6,87.1
2017,Wyoming,Iowa,0,3,24,Home,7.3,1.4,61,99,122.05,34.6,110.2,106.4,105.5,109.1,101.2,109.2,33.4,96.6,97.6,92.4,100.6,105,88.5,8,8,30,41,191.44,27.6,112.6,97.9,110.7,93,110.4,103.1,19.8,101.4,117.3,106.1,120.2,105.8,112.4
2017,Bowling Green,Michigan State,0,10,35,Home,3.7,-11.5,111,81,138.14,25.3,102.1,89.7,96.7,92.7,96.9,94.6,37.1,96.4,85.4,93,91.1,90.3,93.3,5,3.4,57,36,203.65,29.3,104.7,107.7,111.6,95.2,103.6,107.3,26.3,103.8,84.4,96.9,87.6,95,94.2
2017,California,North Carolina,0,35,30,Away,5.7,4.4,51,70,159.53,40.1,105.9,114.1,109.3,118.7,113,111.7,36,86.4,94.4,95.9,79.5,91,90.3,8.5,11.1,21,29,207.81,36.3,113.7,123.1,116.4,130.8,115.2,124.9,26.6,98.5,98.7,100.2,103.7,94.6,105
2017,NC State,South Carolina,1,28,35,Home,8.5,10.6,25,53,180.46,31.5,102.2,114,100,129,112.1,105.5,19.4,123,118.2,123,114.7,120.1,122.7,5.3,-3.6,79,21,227.58,23.1,90.7,89.8,88.8,95.6,91.6,88.2,27.4,99.1,104.1,105.3,96,95.6,107.4
2017,Temple,Notre Dame,0,16,49,Home,10.7,7.5,32,119,108.13,27.4,100.5,107.7,98,116.4,95.1,108.8,20.2,109.8,117.1,114.2,110.9,110.5,113.9,7.2,10.5,26,10,251.32,34.4,112,105.8,108,114.9,111.9,109.1,23.4,114.5,94.1,107.8,105.3,106.7,109
2017,Nevada,Northwestern,0,20,31,Home,4.5,-17.2,124,95,125.03,23.6,97.4,87.1,90.7,96.5,95,89.7,39.7,84.8,79.9,87.4,73,76.9,87.1,6.6,4.6,49,50,182.07,29.8,98,98,100,98.7,101.2,97.9,24,107.7,103.6,98.5,121.4,105.9,103.9
2017,Troy,Boise State,0,13,24,Home,9.1,0.9,63,96,123.9,27.4,92.8,106.8,102.3,93.5,103.5,100.1,26.9,107.8,113.9,113,104.6,109.3,111.1,10.2,11.6,19,64,167.43,37.8,104.3,121.4,112,116.4,110.1,115,26,121.7,110.5,109.8,131.8,109.6,121.8
2017,Kentucky,Southern Miss,0,24,17,Away,6.7,0.1,67,30,207.73,31.7,120.9,101,112.7,106.4,106.2,114.9,31.6,93,99.3,98.7,88.3,89.6,99.3,6.9,-3.5,78,74,152.71,27,92.4,99.4,97.8,96.5,93.8,98.2,31.6,95.8,102.7,89.6,126.1,111.3,91.8
2017,Miami-OH,Marshall,0,26,31,Home,6.9,-7.1,98,94,126.73,23.8,95.4,104.2,100,99.5,96.5,100.8,30.1,98.8,103.5,100.2,106.7,96.6,106.4,3.3,-13.6,118,87,132.84,21.5,81.5,83.3,86.6,78.8,86.2,80.7,33.9,98.1,92.6,94,101.2,91.8,96.9
2017,South Alabama,Ole Miss,0,27,47,Home,6.1,-6,93,116,110.24,25,103,89,98.5,85.9,95.6,92.6,30,84.8,90.5,88.3,84.4,87,87,6,9.7,27,31,207.63,38.8,104.6,125.2,116.5,114.2,114.4,118.6,30,99.6,98.4,98.6,100,103.1,96
2017,Arkansas State,Nebraska,0,36,43,Home,9.1,-3.7,80,111,114.91,22.2,86.2,98.6,91.8,97.4,88.8,96.1,24.5,108.4,115.6,112.7,108.5,109.7,112.6,7.9,5.5,46,23,224.33,28.9,96.5,109,99.1,110.1,102.9,100.4,24.1,102.9,103.4,98.5,113.4,103.4,102.8
2017,Vanderbilt,Middle Tennessee,0,28,6,Away,4.5,-0.5,71,65,167.42,25.8,104.2,93,106.6,78.9,96,97.9,26.2,102.4,107.3,103.8,106.8,101.9,105.8,7.9,-6.2,94,91,128.1,32.5,116.6,101.9,109.4,108.1,97.4,115.5,38.6,89.7,94.6,93.2,98.3,87.5,98.4
2017,West Virginia,Virginia Tech,1,24,31,Home,7.9,9.1,29,57,174.68,36.3,101.2,111.4,104.7,110,100.6,108.8,25.9,112,108.4,111.2,109.9,114.7,109,9,12,17,26,217.74,32,93.2,110.7,94.4,122.7,108.1,97.8,20.2,108,123.2,106.5,143.9,115.4,118.3
2017,Texas A&M,UCLA,0,44,45,Home,8.8,10.8,24,13,248.58,35.7,114.4,109.5,106.1,125.2,108,114.2,25.6,104.3,100.2,99.7,110.9,101.9,103.4,5.9,2.8,58,20,229.13,27,77.2,96.8,86.6,98.9,90,90.8,23.2,116.2,114.4,110.9,135.3,110.1,123
2017,Tennessee,Georgia Tech,1,42,41,Away,8,9.6,28,17,237.21,36.3,124.1,127.3,126.5,113.9,121.6,127,27.8,95.4,106.1,93.2,120.2,98.4,101.1,7.4,5.8,45,48,184.4,33,116.5,126.7,114.9,116.1,106.1,122.1,28.3,91.1,97.4,93.4,98,89.1,98.7
2018,#22 UCF,UConn,0,N/A,N/A,Home,11.7,15.5,7,71,167.37,44.1,110.7,124.3,116.5,125.1,113.2,138.8,28.8,103.4,110.1,108.8,102.6,107.9,106.3,2.6,-11.4,119,104,124.72,27.4,81.6,98.9,90,96.4,92.2,85.6,38.4,88.1,83.5,85.2,90.4,84.4,92.5
2018,San Diego State,#12 Stanford,0,N/A,N/A,Home,8.3,6.6,34,78,158.27,30.2,95.5,89.1,92.8,93.3,88.7,100.9,23.9,108.9,103.8,107.1,107.7,107.5,107.6,8.6,7.1,32,39,202.29,33.4,109,109.8,102.1,122.6,103.8,120.3,27.1,102.3,99.8,102.2,104.9,100.5,103.9
2018,Western Kentucky,#7 Wisconsin,0,N/A,N/A,Home,6.4,-1.7,84,81,154.77,27.4,86.1,102.8,98.2,97,97.6,95.5,28.9,91.1,82.7,95,73.5,87.1,91.5,12,16.6,6,44,195.04,30.7,113.6,127.2,109.5,137.8,115.7,121.8,14.5,126.3,126.2,117.9,142,125.5,127.8
2018,#19 Boise State,Troy,0,N/A,N/A,Home,10,8.2,25,56,183.33,30.9,110.5,116,107.5,129.4,112.9,113.3,23.1,122.3,98.7,109.1,107.9,107.1,119.2,8.8,7.5,31,98,136.65,29.2,109.2,97.6,105.3,100.8,102.3,105.9,21,105.9,101.1,104.2,101.1,102.2,110.2
2018,Florida Atlantic,#5 Oklahoma,0,N/A,N/A,Home,11.3,13.4,11,79,155.73,38.8,125.3,99,112.6,112.1,109,127.8,26,93.4,99.8,98.7,96.9,96.9,102.7,11.9,15,9,9,276.32,47.2,152.5,147.4,139.9,162.7,143.2,167.1,32.2,102.3,101.4,99.6,106.9,103.4,97.2
2018,UNLV,#17 USC,0,N/A,N/A,Home,5.1,-4.4,95,99,129.19,29.8,111.8,93.7,108,83.8,100.2,111.7,33.7,82.9,86.9,83.1,93.8,83.1,88.7,10.1,8.1,26,4,291.2,35.1,109.8,123.9,114.3,120.8,114.5,124.4,26.6,106,123.9,113.5,110.3,114.3,113
2018,Oregon State,#4 Ohio State,0,N/A,N/A,Home,1.8,-15.1,127,70,169.84,24.5,96.8,91.6,96,90.3,97.3,82.1,39,87.7,86.6,92.1,75.4,87.7,83.9,11.6,20.8,1,2,317.06,38.7,137.8,132.4,128.1,140.2,133.4,140.6,18.2,143.5,119.3,127.2,130.8,127.8,137.4
2018,#24 Texas,Maryland,1,N/A,N/A,Home,7.1,3.7,50,3,300.06,25.1,95.5,89.6,92.8,93.1,94.7,81.3,21.5,127.1,116.3,117.4,124.3,118.4,128,3.9,-8.8,114,28,217.72,22.1,112,98.6,105.5,101,103.8,102.1,30.1,92.2,91.9,90.6,100.9,91.1,96.2
2018,#2 Alabama,Louisville,1,N/A,N/A,Home,12.1,20,2,7,283.27,33.6,122.6,133.4,125.7,115.8,125,134.1,13.8,146.6,135,138.5,133.4,137.6,149.2,8.5,9.4,16,29,215.79,38.8,133.5,123.5,121.7,141.2,126.1,132,29.8,91.6,89.8,89.2,98.7,91.1,87.4
2018,#14 Auburn,Washington,1,N/A,N/A,Home,10.6,14.3,10,12,264.18,31.6,116.2,123.3,119.4,108,122,109.2,17.4,136.3,151.4,139.5,143.4,141.5,156.1,10.9,16.8,5,13,259.58,34.7,109,124.2,113.1,120.3,114.5,121.7,17.4,126.6,110.9,118.5,117.5,113,136.8
2018,Tennessee,#13 West Virginia,1,N/A,N/A,Home,4.1,-6.9,107,20,232.67,20.9,99.6,99.6,101.1,95,100.5,93.4,28.3,88.6,109.7,96.3,102.2,93.6,110.1,7,1.7,63,35,208.32,33.6,110.6,107.3,114.9,89.5,110.3,105.9,31.6,99.2,109.2,98.8,126.4,106,102.1
2018,#11 Michigan,#21 Notre Dame,0,N/A,N/A,Home,8.3,7.9,27,21,230.56,26.5,120.2,94.5,103.3,115.2,107,104.9,18.7,130.5,137.4,128.6,140.5,139.1,115.9,9.6,11.3,13,10,268.86,33.6,130.7,100.7,113.9,122.7,112.8,133,22.4,125.1,127.8,119.6,141.8,123.3,138.3
2018,#8 Miami,#23 LSU,1,N/A,N/A,Home,9.4,9.2,17,8,280.87,31.4,113.9,116.9,111.4,123.2,111.1,126.2,21.7,112.4,109.7,112.1,107.1,110.5,116.7,9,9.1,19,15,254.38,30.5,128,119.2,126.8,104.7,124,120.6,21.1,116,113.1,115.7,105.7,114.1,117.3
2018,#15 Virginia Tech,#18 Florida State,0,N/A,N/A,Home,8.2,7.6,30,24,226.01,25.6,100.2,105.7,107.8,87.6,105.4,94,18.4,122,112.7,118.6,109.2,122.4,100.8,6.9,4.9,43,11,265.42,27.4,111.8,111.8,112.3,102.8,111.6,107.9,23.2,114.9,111.5,113.9,108.7,111.6,118.9
