Year,Team,Off S&P+,Off rank,Rush S&P+,Rush rank,Pass S&P+,Pass rank,SD S&P+,SD rank,PD S&P+,PD rank,Success rt+,Success rank,IsoPPP+,IsoPPP+ rank
2014,Ohio State,45.5,1,143.8,1,149.6,2,134.9,2,169.1,1,140.2,1,153.3,1
2014,Oregon,45.0,2,133.5,5,142.6,4,129.5,5,154.2,3,124.7,8,152.8,2
2014,Auburn,43.7,3,123.0,15,156.7,1,122.9,15,164.8,2,124.6,9,143.8,4
2014,Georgia Tech,43.5,4,142.1,2,140.6,5,135.6,1,146.7,4,134.7,2,148.0,3
2014,Baylor,42.4,5,116.8,25,132.7,8,122.0,17,126.7,18,126.0,7,126.4,18
2014,Georgia,41.2,6,131.3,6,125.7,16,123.6,12,135.4,10,121.5,11,136.9,9
2014,Alabama,40.9,7,127.8,11,146.2,3,131.7,3,137.3,7,132.8,3,140.9,5
2014,Mississippi   State,40.5,8,128.5,9,129.1,12,126.7,8,126.6,19,123.0,10,132.9,12
2014,Western Kentucky,40.2,9,110.3,40,132.6,9,126.3,9,123.7,23,115.0,20,137.1,8
2014,Michigan State,40.0,10,122.7,17,136.7,6,123.1,13,141.1,5,120.3,13,138.7,6
2014,UCLA,39.1,11,129.5,8,119.4,24,122.9,14,117.1,29,120.0,15,125.7,22
2014,Marshall,38.9,12,124.5,14,115.9,30,122.4,16,114.7,33,106.1,45,136.3,10
2014,TCU,38.0,13,124.5,13,114.8,32,117.1,23,124.1,22,112.0,28,128.1,16
2014,Boise State,37.7,14,125.4,12,130.1,11,129.5,6,116.7,32,117.5,16,137.4,7
2014,Texas A&amp;M,37.6,15,116.5,26,126.6,14,121.5,20,121.5,25,120.4,12,126.0,20
2014,Florida State,37.6,16,120.8,19,135.1,7,128.6,7,124.8,20,127.8,6,131.4,13
2014,Oklahoma,37.6,17,135.5,4,125.5,17,129.6,4,126.7,17,129.0,4,134.8,11
2014,USC,37.4,18,99.0,73,123.9,20,102.3,58,138.5,6,112.3,27,115.3,36
2014,Texas Tech,37.1,19,105.9,49,117.3,27,106.1,49,135.7,9,111.3,30,119.1,30
2014,California,37.0,20,109.9,41,121.1,23,111.7,31,133.8,13,111.2,31,126.2,19
2014,Notre Dame,36.8,21,116.3,27,127.2,13,121.9,18,128.9,15,117.0,17,130.6,14
2014,Arkansas,36.4,22,118.4,22,116.2,28,110.1,33,136.9,8,114.1,22,121.1,26
2014,South Carolina,36.2,23,122.7,16,124.2,19,117.2,22,135.0,11,120.2,14,125.6,23
2014,Arizona State,36.0,24,99.9,70,112.8,38,108.3,42,102.6,62,99.2,68,116.4,35
2014,Kansas State,35.9,25,107.6,47,117.7,26,111.0,32,119.3,28,116.0,18,111.6,43
2014,Wisconsin,35.7,26,127.9,10,101.5,60,124.0,11,102.0,63,112.5,26,126.8,17
2014,Georgia Southern,35.6,27,108.6,45,104.2,54,106.9,46,108.0,50,102.0,60,114.9,38
2014,North Carolina,35.4,28,109.5,42,115.0,31,109.6,37,113.8,37,114.0,23,108.9,47
2014,Nebraska,35.0,29,117.6,23,110.1,41,109.0,39,127.3,16,113.3,24,116.4,34
2014,Pittsburgh,34.9,30,131.3,7,116.1,29,121.8,19,119.6,27,127.9,5,117.7,32
2014,Toledo,34.8,31,115.4,28,105.3,53,112.0,30,106.5,51,108.5,37,112.8,41
2014,Arizona,34.6,32,101.7,64,98.2,69,100.2,65,98.9,74,98.3,75,101.9,64
2014,Colorado State,34.5,33,104.2,55,122.3,22,112.6,27,120.7,26,110.1,34,119.7,28
2014,Miami-FL,34.2,34,101.3,66,118.7,25,108.2,43,114.5,34,102.3,58,119.4,29
2014,Cincinnati,33.8,35,108.0,46,130.9,10,115.4,25,134.6,12,112.9,25,130.0,15
2014,Washington State,33.2,36,83.4,117,111.6,40,105.1,50,110.9,41,104.1,50,109.1,46
2014,Navy,33.0,37,121.6,18,95.8,74,117.8,21,99.9,69,114.3,21,117.0,33
2014,Arkansas State,32.6,38,102.6,60,102.6,59,103.9,54,99.4,71,99.4,67,107.2,50
2014,Colorado,32.3,39,99.0,74,104.0,55,104.2,53,97.5,81,103.8,51,99.4,69
2014,NC State,32.2,40,136.3,3,109.2,43,125.4,10,109.0,47,116.0,19,125.9,21
2014,BYU,32.2,41,117.3,24,114.5,33,109.9,36,131.0,14,107.8,39,122.5,25
2014,Western Michigan,31.9,42,101.6,65,114.0,34,105.1,51,111.5,39,101.6,62,113.2,40
2014,Ole Miss,31.8,43,92.6,89,123.2,21,108.8,40,114.1,35,110.3,33,112.2,42
2014,Old Dominion,31.7,44,104.2,54,106.5,49,103.5,56,117.0,30,106.6,43,107.8,49
2014,Louisville,31.7,45,113.5,31,109.8,42,117.0,24,96.9,83,103.2,55,120.6,27
2014,Louisiana Tech,31.5,46,99.8,71,97.7,70,98.8,69,103.2,57,94.2,92,104.7,59
2014,West Virginia,31.4,47,97.0,80,112.8,37,107.3,44,97.6,78,104.5,49,104.8,58
2014,East Carolina,31.2,48,113.5,32,108.2,46,110.0,35,116.9,31,108.8,36,115.0,37
2014,New Mexico,31.0,49,118.8,21,86.5,101,112.5,28,94.6,87,105.1,46,114.6,39
2014,Boston College,31.0,50,119.1,20,113.1,36,112.5,29,122.5,24,111.7,29,122.6,24
2014,Tennessee,30.9,51,113.0,33,107.8,47,110.1,34,109.4,44,108.2,38,110.3,44
2014,UL-Lafayette,30.6,52,113.0,34,95.1,75,108.6,41,93.3,90,107.6,40,104.9,57
2014,Minnesota,30.5,53,111.0,38,103.7,57,106.9,45,106.2,53,108.9,35,106.6,51
2014,Stanford,30.5,54,102.2,61,112.3,39,106.4,48,106.5,52,103.8,52,108.8,48
2014,Middle Tennessee,30.4,55,105.7,51,98.4,67,97.4,73,113.9,36,103.3,54,101.6,65
2014,Rutgers,30.4,56,105.9,50,126.2,15,112.9,26,109.6,43,110.9,32,118.3,31
2014,Air Force,30.1,57,89.1,101,124.8,18,96.6,77,92.2,92,96.7,78,95.0,79
2014,LSU,30.0,58,114.9,29,101.0,63,104.8,52,108.7,48,107.4,41,106.1,53
2014,Missouri,30.0,59,109.4,44,101.3,62,100.7,64,112.8,38,100.8,64,106.2,52
2014,Utah,29.9,60,98.0,79,98.5,66,97.1,74,98.9,73,98.8,70,96.5,76
2014,Rice,29.7,61,89.5,99,113.8,35,91.6,96,124.6,21,97.7,77,102.6,63
2014,Texas State,29.6,62,92.2,90,85.6,102,85.6,112,102.8,59,91.5,101,89.2,96
2014,Indiana,29.4,63,112.3,35,79.9,116,101.8,62,84.7,109,98.4,74,97.9,75
2014,Oregon State,29.3,64,114.6,30,93.2,83,102.3,59,99.5,70,101.6,63,102.9,61
2014,Iowa,29.0,65,87.9,109,101.4,61,89.8,98,109.3,45,95.3,86,93.8,81
2014,Nevada,28.7,66,104.4,53,93.7,80,95.6,82,100.5,66,103.2,56,91.6,87
2014,UAB,28.7,67,98.6,77,98.6,65,94.0,89,110.9,40,102.7,57,93.6,82
2014,Illinois,28.6,68,98.9,75,102.7,58,101.7,63,102.7,61,99.0,69,105.4,55
2014,Duke,28.5,69,109.5,43,93.9,78,103.5,55,95.4,85,105.0,48,98.6,72
2014,Maryland,28.2,70,110.3,39,98.7,64,109.2,38,88.7,99,103.7,53,105.4,56
2014,Memphis,28.1,71,94.8,83,105.5,52,98.5,70,105.2,55,90.8,108,109.7,45
2014,Iowa State,28.0,72,103.4,58,93.3,82,96.2,81,101.4,65,106.6,44,89.3,95
2014,Kentucky,27.9,73,111.6,37,97.6,71,106.9,47,96.7,84,102.2,59,105.5,54
2014,Florida,27.8,74,100.1,69,87.9,98,88.3,101,108.4,49,91.4,102,95.8,77
2014,Northern   Illinois,27.6,75,99.5,72,98.3,68,91.8,95,110.8,42,98.7,71,94.5,80
2014,Clemson,27.5,76,88.0,107,105.6,50,94.5,85,103.0,58,93.0,95,100.2,67
2014,Virginia,27.3,77,90.5,96,97.4,72,93.3,92,97.8,77,96.5,80,91.9,86
2014,Oklahoma State,27.0,78,91.8,92,108.4,44,98.9,67,102.8,60,95.7,84,103.6,60
2014,Appalachian   State,26.5,79,91.1,94,105.6,51,94.0,88,106.0,54,96.4,81,98.8,70
2014,Bowling Green,26.4,80,98.9,76,83.6,109,88.6,99,97.3,82,91.2,104,90.6,91
2014,Washington,26.0,81,100.3,68,90.0,90,96.9,75,88.8,98,96.1,83,93.6,83
2014,UTEP,25.8,82,103.2,59,76.8,121,98.9,68,80.5,114,92.2,99,91.0,89
2014,San Diego State,25.6,83,103.6,57,83.9,108,94.3,86,95.3,86,98.7,72,91.3,88
2014,Idaho,25.6,84,100.9,67,90.6,87,96.7,76,93.1,91,99.7,66,89.9,92
2014,Utah State,25.5,85,101.8,63,93.8,79,96.5,79,100.4,67,94.3,90,101.0,66
2014,Florida Atlantic,25.3,86,96.9,81,94.5,77,98.1,72,88.3,101,98.4,73,93.1,85
2014,Tulsa,25.2,87,89.4,100,103.9,56,96.3,80,97.5,79,92.8,97,98.3,73
2014,Central Michigan,25.2,88,95.8,82,108.2,45,102.1,60,100.0,68,105.1,47,98.7,71
2014,Michigan,25.1,89,101.8,62,92.5,84,102.8,57,82.8,111,106.9,42,89.0,97
2014,Texas,24.9,90,104.7,52,87.7,99,99.3,66,85.6,108,100.4,65,89.6,94
2014,Purdue,24.7,91,104.1,56,79.0,118,92.6,93,87.5,105,98.3,76,85.3,103
2014,Fresno State,24.4,92,88.3,105,80.5,115,86.0,110,84.3,110,84.6,120,84.1,106
2014,UNLV,24.3,93,94.3,85,88.5,97,92.5,94,88.1,102,91.1,106,89.8,93
2014,Virginia Tech,24.3,94,88.0,108,91.4,86,95.1,84,79.2,116,92.8,96,84.4,104
2014,Houston,24.3,95,106.9,48,82.7,110,98.1,71,85.9,107,95.2,87,93.5,84
2014,Buffalo,24.1,96,87.0,110,96.8,73,87.8,105,103.2,56,92.6,98,90.7,90
2014,Wyoming,23.8,97,88.2,106,88.7,95,88.2,102,91.3,94,91.0,107,85.5,102
2014,Miami-OH,23.6,98,94.7,84,89.5,91,94.3,87,93.4,89,91.3,103,95.1,78
2014,Central Florida,23.6,99,93.7,87,107.3,48,95.5,83,109.2,46,96.3,82,102.7,62
2014,Northwestern,23.5,100,91.9,91,82.5,111,85.5,114,88.5,100,93.7,94,77.1,118
2014,New Mexico State,23.3,101,80.8,120,90.3,89,91.0,97,72.6,124,91.1,105,79.7,112
2014,Ball State,23.0,102,83.5,116,85.1,104,85.6,113,78.5,117,89.4,111,77.7,116
2014,South Alabama,22.9,103,85.4,113,89.3,92,83.1,118,99.2,72,89.2,112,84.1,105
2014,Massachusetts,22.6,104,93.4,88,94.9,76,96.6,78,98.1,76,94.0,93,98.0,74
2014,Georgia State,22.6,105,85.4,112,93.6,81,87.3,106,98.2,75,94.5,88,85.6,101
2014,Troy,22.3,106,89.0,102,89.3,93,88.5,100,91.5,93,90.4,109,87.5,99
2014,San Jose State,22.0,107,91.0,95,90.5,88,87.9,104,101.5,64,94.2,91,87.0,100
2014,Kansas,21.9,108,82.7,118,88.5,96,85.4,116,88.1,103,86.5,116,83.8,107
2014,Southern Miss,21.6,109,85.3,114,84.7,105,86.2,109,90.8,95,95.6,85,76.5,119
2014,Army,21.4,110,111.8,36,72.4,126,102.1,61,94.5,88,102.0,61,99.5,68
2014,South Florida,21.1,111,74.9,125,82.0,112,75.0,127,90.0,96,78.0,126,79.0,114
2014,Penn State,21.0,112,83.8,115,91.8,85,85.4,115,97.5,80,96.6,79,81.2,111
2014,Syracuse,20.7,113,94.1,86,80.7,113,87.1,107,86.9,106,94.3,89,78.7,115
2014,UL-Monroe,20.3,114,69.3,127,85.5,103,81.2,120,75.5,122,87.6,114,70.5,124
2014,Ohio,19.6,115,89.9,97,78.2,119,83.7,117,88.1,104,91.5,100,77.4,117
2014,Akron,19.3,116,89.0,103,80.6,114,86.6,108,81.8,113,89.5,110,79.5,113
2014,Tulane,18.9,117,88.8,104,79.7,117,88.0,103,76.8,120,82.8,122,83.5,108
2014,Vanderbilt,18.3,118,86.2,111,89.1,94,93.8,90,70.4,127,89.0,113,82.9,109
2014,Kent State,18.2,119,73.7,126,87.1,100,82.8,119,89.0,97,84.9,119,81.5,110
2014,Hawaii,18.1,120,80.9,119,72.7,125,75.0,126,82.7,112,80.5,125,71.2,122
2014,Temple,18.0,121,91.4,93,84.4,106,93.5,91,76.7,121,86.1,117,89.0,98
2014,North Texas,17.4,122,77.9,122,74.5,123,80.7,121,71.8,126,85.7,118,68.9,125
2014,Eastern Michigan,16.4,123,89.6,98,58.5,128,75.6,124,71.9,125,83.1,121,64.7,127
2014,Florida   International,16.4,124,75.1,124,77.9,120,77.6,122,77.4,118,80.6,124,70.7,123
2014,SMU,15.5,125,98.1,78,71.6,127,85.7,111,75.4,123,86.6,115,75.3,121
2014,UTSA,15.1,126,76.3,123,73.9,124,75.2,125,77.3,119,82.5,123,67.7,126
2014,Connecticut,14.4,127,79.6,121,75.8,122,77.3,123,79.8,115,77.3,127,75.8,120
2014,Wake Forest,11.0,128,40.3,128,84.2,107,69.9,128,63.2,128,74.0,128,59.6,128
2015,Texas Tech,45.5,1,129.8,1,118.0,27,115.0,22,145.2,4,119.5,10,127.9,7
2015,Baylor,44.8,2,108.9,36,132.1,6,120.3,11,107.5,45,114.4,19,122.0,14
2015,Oregon,43.0,3,126.3,4,123.1,19,124.9,5,121.4,22,114.7,18,131.1,6
2015,Arkansas,43.0,4,123.2,10,151.4,1,126.0,4,157.5,1,134.1,1,136.3,3
2015,Western Kentucky,42.5,5,112.3,26,141.0,4,127.8,2,145.1,5,126.6,3,138.1,1
2015,Clemson,42.2,6,112.0,28,143.4,3,124.7,6,127.5,13,121.2,8,132.1,5
2015,Oklahoma,41.9,7,115.3,18,127.2,10,127.5,3,102.4,61,115.7,17,127.4,8
2015,Ole Miss,41.6,8,113.7,23,146.2,2,129.9,1,135.0,9,127.2,2,137.3,2
2015,Bowling Green,41.4,9,129.4,2,120.0,24,114.3,24,154.8,2,124.6,5,126.0,10
2015,California,41.3,10,112.6,25,127.3,9,118.5,15,137.2,8,118.6,11,127.1,9
2015,Notre Dame,41.2,11,128.7,3,130.9,8,120.6,10,153.2,3,125.2,4,134.5,4
2015,Stanford,41.2,12,114.5,21,132.0,7,117.8,16,123.2,17,121.8,7,119.1,20
2015,TCU,39.7,13,103.9,65,124.8,14,114.6,23,116.4,35,109.1,39,120.0,19
2015,LSU,39.7,14,125.2,7,112.6,37,116.0,17,119.4,27,108.7,41,124.6,11
2015,Indiana,39.5,15,105.6,56,126.3,11,111.0,33,123.1,18,111.3,30,117.6,24
2015,Mississippi   State,39.1,16,112.0,27,125.8,13,120.0,12,119.9,25,118.2,12,122.6,13
2015,North Carolina,38.9,17,116.1,15,120.9,23,119.0,13,118.7,29,114.2,21,123.6,12
2015,USC,38.7,18,109.7,34,112.6,38,109.7,36,111.9,41,112.3,27,110.9,38
2015,Oklahoma State,38.1,19,85.8,114,124.6,15,97.2,87,137.7,7,102.3,66,115.4,29
2015,Ohio State,38.0,20,124.7,8,118.5,26,121.2,9,119.6,26,122.0,6,121.5,17
2015,UCLA,37.7,21,104.2,64,106.3,47,100.0,73,122.2,20,104.4,60,106.9,49
2015,Western Michigan,37.2,22,108.9,35,122.1,22,111.3,30,126.1,15,106.5,49,121.6,16
2015,Navy,36.7,23,125.7,5,108.6,40,113.5,26,109.0,44,121.2,9,111.4,37
2015,Alabama,36.6,24,118.7,13,117.5,28,115.3,21,116.3,36,116.3,15,117.4,26
2015,Florida State,35.9,25,124.6,9,114.2,32,109.6,38,142.6,6,117.5,13,121.8,15
2015,Arizona State,35.5,26,99.5,77,103.8,58,102.7,57,97.1,81,96.2,88,105.0,52
2015,Memphis,35.2,27,97.1,88,124.0,18,113.3,27,106.5,49,108.7,42,112.2,35
2015,Arizona,35.1,28,107.2,48,103.4,61,98.7,78,123.6,16,100.3,74,109.5,41
2015,Nebraska,34.9,29,108.2,43,119.2,25,112.1,29,117.1,34,108.7,40,117.4,25
2015,Louisiana Tech,34.5,30,105.8,54,107.7,46,112.4,28,99.0,72,105.1,54,110.1,40
2015,Michigan State,34.4,31,94.6,98,115.8,30,94.0,99,128.7,12,113.0,24,99.5,72
2015,West Virginia,34.1,32,110.0,32,105.1,51,108.2,40,100.9,64,105.0,55,108.0,42
2015,Houston,34.1,33,108.2,41,106.0,48,103.3,55,114.2,38,104.8,58,107.3,47
2015,Cincinnati,34.0,34,104.6,62,122.5,20,115.6,20,117.4,32,116.0,16,116.8,27
2015,NC State,34.0,35,125.5,6,103.0,63,122.4,7,95.8,86,112.6,26,115.1,30
2015,Air Force,33.5,36,114.8,20,132.7,5,115.8,18,100.1,66,109.3,37,113.1,33
2015,Washington,33.5,37,104.8,59,90.1,97,97.7,82,97.8,78,103.0,63,93.9,93
2015,Michigan,33.1,38,104.6,61,124.5,17,108.0,41,132.2,10,111.4,29,117.8,22
2015,Southern Miss,33.0,39,106.5,52,104.4,55,102.0,60,117.7,30,96.3,87,113.5,32
2015,Tulsa,32.8,40,93.4,103,101.8,65,100.3,71,94.0,89,95.3,94,100.4,68
2015,Toledo,32.8,41,107.1,49,101.8,66,97.2,86,118.7,28,96.4,86,107.8,44
2015,Auburn,32.6,42,108.6,40,108.4,41,100.8,66,119.9,24,113.5,23,100.8,65
2015,BYU,32.3,43,104.4,63,113.7,33,109.9,35,115.0,37,110.7,31,112.2,36
2015,Washington State,32.1,44,105.3,57,97.5,77,101.9,61,106.3,50,109.3,38,98.8,79
2015,Tennessee,32.0,45,115.8,17,114.2,31,109.6,37,126.5,14,114.2,20,113.9,31
2015,Pittsburgh,31.9,46,115.8,16,103.2,62,109.3,39,103.6,58,108.1,44,107.4,46
2015,Georgia Southern,31.8,47,120.8,11,93.6,87,115.6,19,99.7,69,104.3,61,118.7,21
2015,Louisville,31.8,48,113.1,24,103.6,60,103.6,53,120.3,23,109.4,36,107.6,45
2015,Miami-FL,31.8,49,83.5,116,126.1,12,107.5,44,107.2,46,108.2,43,107.9,43
2015,Appalachian   State,31.6,50,110.7,29,124.5,16,121.9,8,97.2,80,107.5,46,120.4,18
2015,South Florida,31.5,51,114.9,19,105.8,49,111.0,32,99.9,68,101.2,70,113.0,34
2015,Virginia,30.9,52,96.8,91,104.3,56,100.7,67,104.2,53,103.0,64,100.8,64
2015,Boise State,30.6,53,99.8,76,98.2,75,101.1,65,96.6,83,101.9,69,99.4,73
2015,Middle Tennessee,30.1,54,102.3,68,122.4,21,107.5,43,130.5,11,109.8,33,116.2,28
2015,Texas A&amp;M,29.9,55,114.3,22,96.2,80,105.0,49,97.9,77,104.7,59,101.9,60
2015,Georgia Tech,29.9,56,110.7,30,94.5,85,114.0,25,86.2,105,114.1,22,100.2,70
2015,Minnesota,29.7,57,101.0,72,113.2,34,111.0,34,99.6,70,117.5,14,104.1,54
2015,Idaho,29.6,58,102.0,69,100.8,69,100.6,70,106.9,48,106.4,50,98.6,80
2015,Iowa State,29.6,59,108.9,39,95.4,84,102.2,59,99.4,71,105.4,53,99.2,74
2015,Utah,29.5,60,101.5,71,93.6,88,99.7,75,89.0,97,104.8,57,91.4,99
2015,Iowa,29.4,61,108.0,44,108.2,43,100.6,69,122.4,19,107.4,47,107.0,48
2015,Penn State,29.0,62,108.9,38,96.2,81,107.2,45,90.3,93,101.2,71,103.8,55
2015,SMU,28.7,63,105.7,55,92.6,90,99.6,76,96.4,84,98.4,78,99.1,75
2015,Texas,28.6,64,108.9,37,80.6,114,105.4,48,79.8,115,97.0,84,97.7,83
2015,Arkansas State,28.6,65,110.2,31,96.1,82,104.4,51,100.0,67,100.4,73,104.2,53
2015,Colorado State,28.3,66,106.8,51,105.2,50,107.1,46,98.7,74,112.9,25,100.7,66
2015,East Carolina,28.3,67,93.4,104,101.3,68,97.5,83,103.2,59,109.7,34,93.2,95
2015,Maryland,28.3,68,119.6,12,85.8,108,103.1,56,100.9,63,97.1,83,106.3,50
2015,South Carolina,28.2,69,100.0,75,112.9,35,101.8,62,117.4,33,102.4,65,110.3,39
2015,Syracuse,27.9,70,107.4,47,100.2,71,111.3,31,84.0,109,109.5,35,101.3,61
2015,Purdue,27.9,71,104.6,60,97.9,76,103.3,54,95.5,87,107.9,45,95.8,87
2015,Virginia Tech,27.7,72,98.0,84,98.2,74,95.5,91,103.7,54,102.2,67,94.9,90
2015,Florida,27.7,73,100.4,73,108.1,44,104.8,50,103.6,57,106.0,52,103.7,56
2015,Ohio,27.6,74,97.5,87,103.9,57,98.7,79,103.1,60,97.7,81,100.5,67
2015,Kansas State,27.6,75,107.9,45,84.9,110,98.2,80,89.0,96,104.9,56,89.2,105
2015,Utah State,27.6,76,94.1,101,96.6,78,98.0,81,91.8,92,98.6,77,94.1,92
2015,San Jose State,27.2,77,105.9,53,99.2,73,95.1,93,121.4,21,106.2,51,99.1,76
2015,Texas State,27.1,78,102.8,67,90.5,96,96.0,90,98.4,75,97.8,80,95.4,88
2015,San Diego State,27.1,79,96.7,92,102.3,64,94.8,95,106.2,51,95.9,89,98.9,78
2015,Georgia State,26.9,80,78.7,125,108.2,42,95.4,92,112.8,39,95.5,91,103.2,57
2015,Georgia,26.4,81,116.7,14,116.5,29,118.9,14,101.9,62,112.2,28,117.8,23
2015,Central Michigan,26.4,82,81.8,120,112.8,36,99.9,74,107.2,47,96.5,85,105.5,51
2015,Northern   Illinois,26.4,83,96.2,93,105.0,52,97.4,84,100.2,65,100.2,75,97.3,85
2015,Rutgers,26.0,84,105.1,58,107.7,45,107.5,42,96.3,85,106.9,48,103.2,58
2015,New Mexico State,25.8,85,109.9,33,78.3,116,92.0,105,97.4,79,86.7,116,97.4,84
2015,Temple,25.5,86,95.0,94,99.7,72,89.3,110,117.4,31,95.6,90,99.0,77
2015,Wisconsin,25.4,87,98.7,80,110.2,39,101.3,63,112.1,40,110.3,32,101.2,63
2015,Buffalo,25.2,88,100.1,74,103.8,59,105.7,47,96.8,82,103.2,62,101.3,62
2015,Duke,25.2,89,99.2,78,93.5,89,90.6,108,111.3,42,100.5,72,93.8,94
2015,UNLV,25.1,90,98.1,82,94.2,86,94.1,98,105.1,52,95.4,92,96.7,86
2015,Eastern Michigan,25.0,91,106.9,50,87.8,101,99.0,77,92.6,91,93.9,99,97.9,82
2015,Nevada,24.8,92,98.3,81,87.6,103,91.4,106,93.7,90,92.2,106,91.5,98
2015,Troy,24.8,93,85.6,115,104.9,53,102.4,58,86.2,106,95.3,93,99.9,71
2015,Oregon State,24.5,94,94.6,97,78.0,117,94.2,97,72.8,123,87.7,114,86.2,112
2015,Colorado,24.5,95,97.0,89,88.3,100,96.3,89,83.6,111,94.6,97,88.7,107
2015,Illinois,24.4,96,103.1,66,101.4,67,104.3,52,95.1,88,101.9,68,102.1,59
2015,New Mexico,24.4,97,94.8,95,87.1,104,96.9,88,74.4,122,90.8,108,89.0,106
2015,South Alabama,24.3,98,97.9,85,87.1,105,88.0,113,103.7,56,94.2,98,90.6,101
2015,Ball State,24.2,99,93.2,105,91.1,92,93.7,102,86.5,103,92.8,104,89.9,103
2015,Marshall,24.1,100,94.5,99,96.6,79,93.6,103,103.7,55,98.0,79,95.0,89
2015,Rice,23.9,101,98.9,79,92.3,91,93.9,100,98.9,73,99.8,76,91.4,100
2015,Massachusetts,23.9,102,107.5,46,89.6,99,101.1,64,90.2,94,95.3,95,98.3,81
2015,Kentucky,23.6,103,108.2,42,90.9,93,95.1,94,110.2,43,97.5,82,100.3,69
2015,Wyoming,23.4,104,91.4,107,90.7,94,100.0,72,69.6,126,95.3,96,87.4,111
2015,Wake Forest,22.4,105,83.0,118,89.7,98,88.4,112,89.7,95,90.7,109,86.0,113
2015,Old Dominion,22.4,106,93.8,102,85.9,106,93.1,104,86.5,102,85.5,117,94.2,91
2015,UL-Lafayette,22.3,107,101.9,70,85.8,107,97.3,85,83.7,110,93.2,103,92.1,97
2015,Florida Atlantic,22.1,108,90.8,109,90.6,95,87.2,115,98.0,76,92.8,105,87.9,110
2015,Akron,21.7,109,85.8,113,100.5,70,100.6,68,78.3,117,93.5,101,92.8,96
2015,Fresno State,21.2,110,98.0,83,68.3,126,79.9,122,88.2,99,84.3,120,79.5,118
2015,Northwestern,20.7,111,94.7,96,82.9,112,88.7,111,88.1,100,87.8,113,88.3,109
2015,Florida   International,20.5,112,83.0,117,84.9,111,85.4,116,86.2,104,88.1,112,83.6,115
2015,Kansas,20.3,113,81.1,123,76.8,120,80.4,121,75.9,120,84.7,118,74.7,124
2015,UTSA,20.0,114,94.3,100,77.6,119,87.7,114,78.2,118,90.5,110,80.3,117
2015,Connecticut,19.0,115,91.3,108,95.8,83,94.7,96,88.4,98,93.8,100,90.3,102
2015,Vanderbilt,18.7,116,92.2,106,85.7,109,90.5,109,82.5,113,91.3,107,84.3,114
2015,Army,18.7,117,96.8,90,104.6,54,90.9,107,88.0,101,93.4,102,88.5,108
2015,UTEP,18.0,118,78.6,126,75.7,121,76.4,125,79.5,116,76.0,127,77.2,122
2015,Hawaii,17.5,119,89.6,110,80.7,113,84.8,118,84.9,107,89.7,111,81.6,116
2015,Miami-OH,17.2,120,86.7,112,87.6,102,93.7,101,77.1,119,84.4,119,89.4,104
2015,Tulane,17.0,121,81.3,122,73.7,123,75.8,126,82.8,112,76.6,126,78.0,120
2015,North Texas,16.1,122,97.9,86,51.6,128,81.1,119,56.3,128,86.8,115,62.0,128
2015,Missouri,15.8,123,79.1,124,77.7,118,77.0,124,84.0,108,80.2,121,77.3,121
2015,UL-Monroe,15.3,124,76.1,127,78.5,115,85.1,117,70.0,125,80.0,122,78.0,119
2015,Boston College,15.0,125,87.4,111,56.9,127,70.4,128,81.6,114,78.5,123,70.6,126
2015,Central Florida,14.4,126,67.6,128,74.7,122,72.0,127,74.4,121,78.4,124,66.2,127
2015,Charlotte,12.1,127,81.8,121,68.5,125,80.5,120,62.7,127,76.7,125,72.2,125
2015,Kent State,8.3,128,82.1,119,70.4,124,79.6,123,70.6,124,73.0,128,77.0,123
2016,Oklahoma,46.8,1,117.9,14,155.9,1,129.0,3,153.6,1,127.2,7,141.8,1
2016,Florida State,40.9,2,131.7,4,126.4,12,122.0,10,147.7,2,133.3,2,128.7,4
2016,Pittsburgh,40.5,3,112.6,32,120.6,19,113.1,23,113.7,35,106.3,46,120.5,15
2016,Texas Tech,40.3,4,91.7,103,116.9,24,100.9,67,135.1,6,112.3,24,109.3,39
2016,California,40.1,5,105.9,51,114.1,30,109.3,38,118.7,22,113.0,21,111.7,32
2016,Clemson,39.8,6,113.0,30,133.0,6,124.7,5,122.5,17,136.6,1,118.5,20
2016,South Florida,39.7,7,121.6,9,115.6,27,122.1,7,103.7,64,105.4,52,127.0,8
2016,Oklahoma State,39.5,8,102.8,65,118.9,21,112.4,25,113.3,36,108.6,36,115.4,24
2016,Alabama,39.4,9,134.0,2,115.8,25,122.0,9,132.2,7,125.2,8,125.9,10
2016,Louisville,39.3,10,152.3,1,118.7,22,135.0,1,122.8,15,131.8,3,136.8,3
2016,USC,39.2,11,117.7,15,136.1,3,122.1,8,144.2,3,129.2,4,128.2,6
2016,Louisiana Tech,39.2,12,112.8,31,115.8,26,115.2,19,119.2,21,115.1,16,117.1,22
2016,Ole Miss,38.8,13,104.6,56,125.2,14,116.5,16,114.2,32,114.4,17,118.6,19
2016,Western Kentucky,38.8,14,120.3,12,134.7,4,124.3,6,140.6,5,114.3,18,139.2,2
2016,Washington,38.2,15,121.6,10,134.2,5,129.4,2,117.2,24,128.4,5,128.4,5
2016,Toledo,38.1,16,106.8,47,133.0,7,115.0,20,131.0,8,111.1,29,125.2,11
2016,Navy,37.9,17,131.7,5,126.5,11,113.6,22,141.9,4,122.8,9,119.8,17
2016,Penn State,37.9,18,102.0,69,141.2,2,116.5,15,130.5,10,113.0,22,128.2,7
2016,Boise State,37.8,19,104.3,57,121.4,17,112.0,27,116.4,26,110.1,32,115.0,26
2016,Oregon,37.8,20,110.1,38,111.0,38,108.1,40,115.4,28,109.2,34,111.8,31
2016,Colorado State,37.3,21,116.2,19,121.1,18,120.3,13,106.3,56,113.6,20,119.2,18
2016,LSU,37.3,22,130.2,6,112.8,32,121.0,11,120.8,19,121.5,11,122.9,13
2016,Ohio State,36.9,23,133.4,3,101.1,64,117.5,14,115.2,29,128.1,6,110.8,38
2016,Washington State,36.8,24,107.5,45,112.7,34,110.7,34,114.0,33,112.4,23,111.2,34
2016,Western Michigan,36.6,25,113.1,29,132.0,8,120.5,12,111.0,40,118.2,13,120.1,16
2016,North Carolina,36.3,26,113.7,26,123.1,16,116.4,17,130.8,9,115.2,15,124.9,12
2016,West Virginia,36.3,27,101.2,70,111.4,36,104.7,53,110.0,44,100.6,68,108.8,44
2016,Tennessee,36.3,28,124.1,8,127.3,9,126.5,4,113.9,34,121.6,10,127.0,9
2016,Texas A&amp;M,35.7,29,114.4,24,109.5,42,106.1,46,125.2,13,108.0,39,114.2,28
2016,Texas,35.7,30,104.1,59,99.6,67,108.3,39,80.1,121,103.6,54,99.7,71
2016,Auburn,34.8,31,113.2,27,109.2,43,106.0,47,123.5,14,116.9,14,107.6,49
2016,Mississippi State,34.7,32,127.0,7,103.7,58,115.8,18,109.0,47,111.6,28,117.3,21
2016,Wyoming,34.6,33,110.2,37,106.4,52,105.5,50,109.1,46,101.2,64,109.2,41
2016,Miami-FL,34.6,34,101.0,71,111.8,35,111.9,28,103.6,65,102.7,60,115.0,25
2016,Notre Dame,34.4,35,112.0,36,105.8,54,108.0,41,114.9,31,111.9,26,109.1,42
2016,Tulsa,34.4,36,110.1,39,111.3,37,111.2,31,106.5,53,109.9,33,110.9,36
2016,Memphis,34.3,37,107.9,44,110.0,41,112.3,26,106.5,54,107.3,42,113.3,29
2016,Baylor,34.1,38,105.6,52,101.2,63,101.1,64,110.9,41,105.4,51,102.3,60
2016,Arkansas,34.0,39,100.9,72,118.9,20,102.9,57,126.5,12,111.7,27,109.3,40
2016,Michigan,33.8,40,106.2,49,115.4,29,110.1,36,108.7,48,114.1,19,108.7,46
2016,New Mexico,33.8,41,116.5,18,86.8,104,105.4,52,104.0,61,99.4,72,109.0,43
2016,Missouri,33.2,42,102.0,68,112.8,33,111.7,29,96.3,86,100.9,66,111.4,33
2016,Kansas State,33.1,43,114.2,25,88.8,99,105.4,51,100.5,73,110.5,30,98.7,77
2016,Georgia Tech,33.0,44,116.5,17,126.7,10,114.9,21,116.1,27,106.1,48,122.1,14
2016,TCU,32.8,45,109.3,40,95.0,83,102.2,63,98.8,78,102.8,59,100.0,69
2016,Middle Tennessee,32.5,46,116.6,16,101.9,60,109.4,37,108.1,50,97.4,79,115.5,23
2016,Colorado,32.4,47,96.6,89,115.6,28,102.5,60,112.4,37,109.0,35,102.9,59
2016,Iowa State,32.4,48,92.1,100,102.5,59,100.7,68,92.1,100,100.3,70,96.7,89
2016,Wisconsin,32.4,49,106.5,48,126.3,13,110.7,33,121.5,18,118.6,12,111.0,35
2016,Northern Illinois,32.1,50,102.9,63,96.6,77,96.2,90,103.8,62,99.4,73,97.6,86
2016,Virginia Tech,32.0,51,93.2,95,110.7,39,94.4,95,122.7,16,108.1,38,97.8,85
2016,Kentucky,31.7,52,120.9,11,101.0,65,112.7,24,106.4,55,106.2,47,114.9,27
2016,Air Force,31.6,53,105.5,53,123.7,15,103.7,55,107.7,51,106.6,44,104.5,54
2016,Syracuse,31.6,54,82.6,121,105.4,55,91.2,103,118.4,23,104.3,53,95.7,91
2016,NC State,31.5,55,102.2,66,114.0,31,100.0,72,129.0,11,112.1,25,105.5,53
2016,Arizona State,30.8,56,87.5,114,100.7,66,91.0,105,102.3,68,91.6,108,94.5,95
2016,Utah,30.5,57,107.2,46,96.3,79,102.4,61,99.1,76,103.6,55,100.6,65
2016,Eastern Michigan,30.4,58,89.7,111,105.0,56,94.5,94,105.3,57,102.0,63,94.2,96
2016,Appalachian State,30.3,59,113.1,28,110.7,40,110.5,35,110.8,42,107.3,41,113.0,30
2016,Stanford,30.3,60,115.6,22,91.0,92,106.1,45,100.7,72,99.3,74,108.1,47
2016,Arizona,30.1,61,115.7,21,89.7,95,102.6,58,105.0,58,100.8,67,106.3,52
2016,Northwestern,29.8,62,98.0,85,98.0,73,100.0,71,98.7,79,101.2,64,97.9,84
2016,Old Dominion,29.8,63,108.5,42,108.1,46,107.0,43,104.3,59,100.2,71,110.8,37
2016,BYU,29.5,64,112.4,35,91.4,90,98.6,76,108.5,49,107.9,40,96.9,88
2016,Ball State,29.4,65,112.4,34,92.8,88,102.5,59,101.7,69,106.6,45,98.8,75
2016,Michigan State,29.3,66,104.7,55,107.7,47,111.6,30,95.2,91,103.6,56,107.3,50
2016,Indiana,29.2,67,90.7,108,117.9,23,97.8,82,119.9,20,100.5,69,106.7,51
2016,Nebraska,28.9,68,96.5,90,109.0,44,99.1,74,110.1,43,102.9,58,100.4,67
2016,Houston,28.9,69,96.4,91,108.3,45,101.0,65,111.1,39,106.9,43,101.4,61
2016,San Diego State,28.8,70,102.9,64,96.4,78,103.1,56,88.1,107,98.1,77,100.4,66
2016,East Carolina,28.7,71,99.3,79,99.1,69,95.1,92,115.2,30,102.1,62,99.2,74
2016,SMU,28.5,72,98.3,84,95.4,82,98.2,79,97.6,81,95.9,88,99.4,73
2016,Oregon State,28.3,73,116.2,20,83.6,112,107.1,42,88.2,105,93.6,97,103.9,56
2016,Hawaii,28.0,74,103.6,61,101.3,62,105.6,48,94.6,93,96.4,84,107.7,48
2016,Florida Atlantic,27.8,75,108.3,43,89.5,97,103.9,54,79.7,122,93.7,96,98.5,78
2016,Utah State,27.8,76,115.3,23,83.0,116,100.1,70,95.5,90,98.1,76,98.1,81
2016,Duke,27.6,77,98.3,83,98.1,72,97.1,86,102.6,67,102.2,61,95.1,92
2016,Iowa,27.6,78,112.6,33,97.9,74,110.7,32,93.0,97,110.4,31,103.1,58
2016,Temple,27.4,79,100.5,74,107.7,48,98.0,80,116.4,25,95.1,92,108.8,45
2016,Troy,27.4,80,92.8,98,106.8,50,102.3,62,93.5,94,103.5,57,100.1,68
2016,Idaho,27.2,81,92.8,97,107.2,49,98.6,75,103.7,63,99.3,75,100.7,64
2016,UCLA,27.0,82,77.2,126,96.8,75,86.6,115,98.9,77,90.0,113,90.8,103
2016,Southern Miss,27.0,83,92.4,99,99.4,68,97.8,81,96.5,85,93.8,95,98.2,80
2016,Minnesota,26.9,84,91.8,101,98.2,71,97.6,83,83.9,116,96.2,85,91.4,102
2016,Central Michigan,26.7,85,91.7,105,96.2,80,97.0,87,92.6,99,92.9,103,97.3,87
2016,Maryland,26.3,86,120.0,13,87.5,101,105.5,49,103.3,66,108.6,37,103.7,57
2016,UNLV,26.2,87,106.0,50,87.6,100,92.4,100,109.4,45,91.7,106,101.3,62
2016,Florida,26.0,88,97.5,86,105.9,53,100.7,69,104.2,60,105.8,49,99.4,72
2016,Vanderbilt,25.8,89,104.2,58,93.0,87,106.6,44,78.9,123,96.0,87,97.9,83
2016,Virginia,25.8,90,96.2,92,85.8,106,92.5,99,87.4,108,94.2,94,86.9,110
2016,New Mexico State,25.7,91,109.1,41,81.4,119,92.1,101,100.1,74,93.0,101,93.1,97
2016,Bowling Green,25.3,92,102.1,67,89.7,96,96.7,88,92.7,98,96.9,82,94.6,94
2016,Georgia,25.3,93,98.3,82,91.1,91,94.0,96,98.3,80,92.5,104,94.7,93
2016,Purdue,25.1,94,88.7,112,94.2,84,88.0,111,107.4,52,93.2,100,92.0,99
2016,South Alabama,25.0,95,103.0,62,89.0,98,98.5,77,85.9,109,95.6,90,92.6,98
2016,Florida International,24.7,96,99.5,77,94.1,85,96.2,89,93.3,95,90.8,111,98.3,79
2016,Rice,24.7,97,91.8,102,80.1,121,87.1,113,81.6,120,93.5,99,79.6,123
2016,Akron,24.4,98,90.9,107,106.6,51,96.1,91,111.7,38,95.4,91,104.4,55
2016,UTSA,24.4,99,90.5,110,85.5,109,82.9,124,100.9,70,89.2,114,86.8,111
2016,San Jose State,24.2,100,99.4,78,82.6,117,93.9,97,84.4,113,92.9,102,88.7,105
2016,Georgia Southern,23.9,101,85.6,117,101.9,61,86.4,117,97.3,83,91.1,110,87.1,109
2016,Miami-OH,23.8,102,95.4,93,104.2,57,100.0,73,99.5,75,96.5,83,100.8,63
2016,Nevada,23.6,103,97.4,87,87.1,103,90.7,107,96.5,84,95.0,93,89.7,104
2016,Cincinnati,23.3,104,88.7,113,96.7,76,92.5,98,100.7,71,98.1,78,91.8,100
2016,UTEP,23.3,105,104.7,54,83.0,115,95.0,93,93.2,96,86.7,118,99.8,70
2016,Massachusetts,23.3,106,92.8,96,96.0,81,100.9,66,91.5,102,93.5,98,97.9,82
2016,South Carolina,23.1,107,90.7,109,89.8,94,88.8,109,95.6,89,91.6,107,88.2,108
2016,Kansas,23.0,108,85.0,119,73.4,126,83.4,123,71.5,128,79.3,127,78.8,124
2016,Wake Forest,23.0,109,93.9,94,82.3,118,88.4,110,85.5,110,97.3,80,81.8,118
2016,Army,23.0,110,103.7,60,85.7,107,98.3,78,81.8,119,105.4,50,86.8,112
2016,North Texas,22.7,111,99.0,81,79.9,122,90.8,106,84.0,115,92.0,105,85.9,113
2016,UL-Monroe,22.6,112,99.5,76,86.6,105,91.2,104,94.6,92,96.1,86,88.3,106
2016,Arkansas State,22.2,113,86.2,116,98.6,70,91.8,102,97.4,82,88.8,115,96.1,90
2016,Illinois,21.8,114,100.6,73,90.3,93,97.5,85,91.5,101,91.4,109,98.7,76
2016,Ohio,21.5,115,85.3,118,92.3,89,89.9,108,91.3,103,85.8,121,91.5,101
2016,Marshall,21.5,116,81.5,122,83.3,113,86.6,116,78.8,124,86.2,120,80.7,120
2016,Central Florida,20.5,117,82.9,120,85.6,108,86.6,114,81.9,118,86.6,119,81.8,119
2016,UL-Lafayette,20.4,118,96.8,88,83.1,114,87.3,112,95.6,88,96.9,81,84.8,116
2016,Charlotte,20.0,119,86.6,115,71.0,127,78.1,126,84.5,112,81.1,126,77.1,127
2016,Georgia State,19.4,120,75.1,127,93.7,86,84.9,121,96.1,87,88.1,117,88.3,107
2016,Tulane,19.0,121,91.3,106,76.5,125,84.7,122,77.0,125,88.5,116,77.5,126
2016,Kent State,18.1,122,99.2,80,67.7,128,81.0,125,90.6,104,83.3,124,83.4,117
2016,Fresno State,17.8,123,73.5,128,80.3,120,75.3,128,85.4,111,82.6,125,74.0,128
2016,Boston College,17.2,124,79.1,124,84.8,111,78.1,127,88.1,106,79.3,128,80.3,121
2016,Rutgers,16.9,125,100.0,75,78.8,124,97.6,84,73.0,127,95.9,89,84.8,115
2016,Buffalo,16.4,126,91.7,104,79.2,123,86.3,118,84.1,114,84.7,123,85.1,114
2016,Connecticut,15.9,127,78.8,125,84.9,110,85.6,120,75.0,126,85.3,122,78.8,125
2016,Texas State,14.5,128,80.3,123,87.4,102,85.7,119,83.3,117,90.3,112,79.7,122
2017,Oklahoma,47.2,1,152.5,1,147.4,1,139.9,1,162.7,1,143.2,1,167.1,1
2017,Central Florida,44.1,2,110.7,36,124.3,8,116.5,10,125.1,11,113.2,21,138.8,6
2017,Oklahoma State,41.7,3,111.8,30,120.0,15,107.5,42,143.2,3,114.3,18,125.3,13
2017,Memphis,41.0,4,95.0,88,105.8,43,99.7,70,111.5,37,98.3,76,116.5,23
2017,Louisville,38.8,5,133.5,3,123.5,11,121.7,7,141.2,5,126.1,3,132.0,10
2017,Florida Atlantic,38.8,6,125.3,9,99.0,71,112.6,21,112.1,35,109.0,36,127.8,11
2017,Ohio State,38.7,7,137.8,2,132.4,4,128.1,2,140.2,6,133.4,2,140.6,4
2017,Arizona,38.1,8,112.8,27,112.0,29,108.6,38,111.0,40,107.7,39,124.2,15
2017,Ole Miss,37.8,9,109.4,42,121.3,14,115.2,11,118.4,22,111.0,29,138.2,7
2017,Penn State,37.6,10,133.4,4,131.3,5,122.0,5,155.9,2,125.4,4,152.1,2
2017,SMU,36.7,11,113.1,26,103.4,52,105.5,46,114.0,32,107.3,40,109.9,36
2017,Colorado State,36.4,12,107.4,55,115.0,24,109.3,35,117.2,24,110.2,32,115.7,25
2017,Missouri,36.4,13,114.1,21,118.4,18,114.5,13,116.8,25,109.8,34,140.6,3
2017,Georgia,36.0,14,128.9,6,130.5,6,121.9,6,142.7,4,124.8,6,140.4,5
2017,UCLA,35.4,15,101.5,64,112.4,27,113.0,19,95.3,80,106.8,45,112.9,30
2017,USC,35.1,16,109.8,41,123.9,10,114.3,14,120.8,19,114.5,17,124.4,14
2017,UL-Monroe,34.9,17,108.8,48,115.9,23,110.5,31,112.3,34,110.6,30,116.2,24
2017,Washington,34.7,18,109.0,45,124.2,9,113.1,18,120.3,21,114.5,16,121.7,17
2017,Arkansas State,34.5,19,88.7,110,102.4,58,96.6,81,99.0,73,94.8,88,105.0,48
2017,Toledo,34.3,20,89.9,106,118.4,19,100.9,66,113.7,33,99.8,72,119.8,21
2017,NC State,33.9,21,108.9,47,123.1,13,108.9,36,135.8,8,115.7,14,117.1,22
2017,Wake Forest,33.8,22,94.5,91,136.1,2,111.1,30,122.1,17,112.3,25,120.1,20
2017,Alabama,33.6,23,122.6,12,133.4,3,125.7,4,115.8,28,125.0,5,134.1,8
2017,Notre Dame,33.6,24,130.7,5,100.7,65,113.9,16,122.7,14,112.8,23,133.0,9
2017,Texas Tech,33.6,25,119.1,15,109.5,35,113.8,17,111.9,36,114.7,15,110.7,35
2017,West Virginia,33.6,26,110.6,37,107.3,39,114.9,12,89.5,101,110.3,31,105.9,44
2017,South Florida,33.5,27,91.1,103,88.9,102,90.3,113,90.6,98,86.1,121,102.0,59
2017,North Texas,33.5,28,102.4,63,108.7,36,100.0,69,122.2,16,105.2,52,108.8,38
2017,Stanford,33.4,29,109.0,46,109.8,34,102.1,61,122.6,15,103.8,58,120.3,19
2017,Ohio,33.2,30,114.4,20,101.5,61,111.9,24,96.0,78,108.3,38,112.3,31
2017,Army,32.4,31,123.4,11,75.6,127,112.9,20,115.2,31,121.6,10,95.5,81
2017,Oregon,32.2,32,111.7,33,103.5,51,106.8,44,107.6,51,107.2,43,110.9,34
2017,Appalachian State,31.7,33,96.0,84,97.8,77,93.3,99,108.9,46,93.8,96,106.4,43
2017,Auburn,31.6,34,116.2,16,123.3,12,119.4,8,108.0,49,122.0,9,109.2,37
2017,Arizona State,31.5,35,100.1,69,104.0,49,102.6,59,98.5,74,101.4,62,102.2,55
2017,Miami-FL,31.4,36,113.9,22,116.9,21,111.4,26,123.2,12,111.1,28,126.2,12
2017,Houston,31.2,37,93.3,96,99.5,69,100.2,67,90.7,97,97.6,80,94.0,86
2017,Navy,31.2,38,115.6,17,86.5,111,111.7,25,92.7,89,112.7,24,97.2,73
2017,TCU,31.2,39,113.7,23,99.7,67,101.9,62,115.4,29,105.8,50,103.9,51
2017,Boise State,30.9,40,110.5,38,116.0,22,107.5,41,129.4,10,112.9,22,113.3,28
2017,Wisconsin,30.7,41,113.6,24,127.2,7,109.5,34,137.8,7,115.7,13,121.8,16
2017,LSU,30.5,42,128.0,7,119.2,16,126.8,3,104.7,57,124.0,7,120.6,18
2017,Arkansas,30.4,43,124.9,10,105.2,47,111.1,29,122.8,13,115.9,12,111.6,33
2017,San Diego State,30.2,44,95.5,85,89.1,101,92.8,102,93.3,87,88.7,116,100.9,63
2017,Clemson,30.0,45,125.3,8,114.2,25,118.4,9,109.9,43,123.3,8,105.1,47
2017,UL-Lafayette,29.9,46,100.4,67,88.2,104,91.1,111,103.7,59,94.6,90,90.2,103
2017,Tulane,29.9,47,94.3,92,83.9,118,95.1,92,74.6,126,88.4,117,88.3,106
2017,Texas A&amp;M,29.9,48,89.1,109,106.8,41,94.0,97,108.5,47,96.5,84,101.6,60
2017,UNLV,29.8,49,111.8,31,93.7,90,108.0,39,83.8,119,100.2,69,111.7,32
2017,New Mexico State,29.7,50,94.9,89,95.8,84,91.9,107,110.0,42,95.1,86,95.6,79
2017,Tulsa,29.7,51,108.0,53,77.8,124,94.6,95,100.2,71,97.7,78,90.3,101
2017,Kansas State,29.6,52,106.0,56,91.8,93,101.1,65,87.4,110,97.3,83,97.2,74
2017,Buffalo,29.6,53,81.6,123,107.5,38,92.0,105,104.0,58,93.5,99,100.7,64
2017,Air Force,29.5,54,108.2,50,98.9,72,102.1,60,107.6,50,107.3,41,93.5,90
2017,Utah,29.5,55,110.9,35,105.8,44,104.6,49,120.7,20,109.8,35,103.5,52
2017,East Carolina,29.3,56,90.0,105,103.2,54,97.8,79,104.8,56,100.1,70,96.4,78
2017,Louisiana Tech,29.3,57,112.1,28,96.7,80,104.2,53,106.1,52,106.4,47,97.6,72
2017,Troy,29.2,58,109.2,43,97.6,79,105.3,47,100.8,66,102.3,60,105.9,45
2017,Nevada,28.8,59,92.7,98,100.7,66,95.0,93,103.2,60,95.2,85,104.2,50
2017,Purdue,28.8,60,110.0,40,102.4,57,101.7,63,116.6,26,104.4,56,107.1,41
2017,Georgia Tech,28.7,61,120.8,13,87.2,108,110.2,33,121.3,18,116.2,11,113.0,29
2017,Washington State,28.6,62,103.3,61,101.1,63,107.0,43,87.9,106,102.5,59,103.4,53
2017,Mississippi State,28.6,63,115.3,18,107.6,37,112.6,22,102.7,62,113.7,20,101.4,61
2017,Syracuse,28.6,64,99.6,71,112.9,26,104.2,54,111.3,39,106.2,48,106.7,42
2017,Southern Miss,28.5,65,90.8,104,85.2,114,88.1,120,92.0,94,85.8,122,94.7,85
2017,Massachusetts,28.5,66,88.5,111,96.3,82,95.9,88,92.5,91,91.9,105,98.6,68
2017,Bowling Green,28.4,67,108.1,52,97.8,76,96.8,80,117.5,23,100.6,65,105.3,46
2017,Fresno State,28.1,68,111.6,34,101.5,60,111.3,28,87.8,108,105.1,53,113.4,27
2017,Kentucky,28.0,69,104.2,58,110.7,33,104.5,52,109.5,44,107.3,42,102.8,54
2017,Colorado,28.0,70,94.2,93,101.0,64,98.5,75,94.3,84,98.4,75,91.0,98
2017,Iowa State,27.9,71,91.6,101,103.3,53,98.5,74,100.4,69,100.5,67,92.9,93
2017,Pittsburgh,27.6,72,115.0,19,106.7,42,111.3,27,105.0,54,114.1,19,95.0,83
2017,Vanderbilt,27.5,73,94.0,94,117.6,20,110.3,32,96.7,76,104.6,55,113.8,26
2017,Connecticut,27.4,74,81.6,124,98.9,73,90.0,115,96.4,77,92.2,103,85.6,116
2017,Florida International,27.4,75,91.8,100,107.3,40,99.0,71,100.6,68,100.0,71,96.6,76
2017,Florida State,27.4,76,111.8,32,111.8,30,112.3,23,102.8,61,111.6,27,107.9,39
2017,Western Kentucky,27.4,77,86.1,113,102.8,56,98.2,77,97.0,75,97.6,79,95.5,80
2017,Utah State,27.3,78,97.3,79,92.3,92,95.9,87,91.5,95,93.3,100,98.2,70
2017,Western Michigan,27.3,79,107.4,54,104.9,48,102.9,58,116.0,27,108.3,37,98.4,69
2017,Miami-OH,27.2,80,91.2,102,104.0,50,98.0,78,101.3,63,98.1,77,99.7,65
2017,Nebraska,27.0,81,108.2,51,111.7,31,114.0,15,100.8,67,112.3,26,102.0,58
2017,Northwestern,26.8,82,98.0,76,101.4,62,103.3,55,86.4,113,99.5,73,97.6,71
2017,North Carolina,26.7,83,98.9,74,99.0,70,98.7,73,100.3,70,98.7,74,96.7,75
2017,California,26.6,84,94.7,90,94.1,89,90.8,112,105.0,55,94.6,91,90.1,104
2017,Michigan,26.5,85,120.2,14,94.5,86,103.3,56,115.2,30,107.0,44,104.9,49
2017,Baylor,26.4,86,95.4,87,87.9,107,85.7,126,110.3,41,91.0,110,93.3,92
2017,Eastern Michigan,26.0,87,79.4,129,101.8,59,87.3,122,108.2,48,91.4,109,91.0,97
2017,South Carolina,26.0,88,100.0,70,110.7,32,108.8,37,91.0,96,106.1,49,99.0,67
2017,Hawaii,25.9,89,98.4,75,88.7,103,94.8,94,88.2,104,92.6,102,94.8,84
2017,Duke,25.8,90,110.1,39,90.3,97,96.2,84,105.3,53,101.2,63,90.2,102
2017,Central Michigan,25.8,91,83.0,121,96.2,83,89.7,117,94.4,82,89.0,115,95.4,82
2017,Michigan State,25.8,92,100.6,66,119.0,17,100.2,68,130.8,9,110.0,33,102.2,56
2017,UAB,25.7,93,97.1,81,87.1,110,93.0,100,88.2,105,92.9,101,86.9,113
2017,Marshall,25.7,94,81.2,128,103.0,55,94.5,96,93.6,85,93.6,98,93.9,89
2017,Middle Tennessee,25.6,95,97.3,80,94.3,88,96.2,85,95.6,79,94.5,92,101.0,62
2017,Virginia Tech,25.6,96,100.2,68,105.7,45,107.8,40,87.6,109,105.4,51,94.0,87
2017,Coastal Carolina,25.3,97,97.8,77,95.0,85,98.8,72,92.1,93,97.5,81,92.3,94
2017,Indiana,25.3,98,89.4,107,105.5,46,95.8,89,109.2,45,101.2,64,90.9,99
2017,Texas,25.1,99,95.5,86,89.6,98,92.8,103,93.1,88,94.7,89,81.3,124
2017,Cincinnati,24.9,100,97.4,78,84.9,115,90.1,114,94.3,83,91.7,106,85.5,118
2017,Boston College,24.9,101,113.3,25,91.3,95,104.8,48,101.1,64,104.6,54,96.5,77
2017,Temple,24.6,102,84.5,118,93.2,91,92.0,106,85.1,114,89.4,113,91.1,96
2017,Oregon State,24.5,103,96.8,82,91.6,94,96.0,86,90.3,99,97.3,82,82.1,123
2017,Northern Illinois,24.4,104,85.8,115,96.5,81,91.4,109,92.6,90,92.1,104,85.6,117
2017,New Mexico,24.2,105,103.8,59,77.8,123,92.9,101,99.4,72,93.7,97,99.0,66
2017,Iowa,24.0,106,102.9,62,112.2,28,104.5,51,111.4,38,106.5,46,107.7,40
2017,UTSA,24.0,107,92.8,97,89.3,100,96.5,82,75.7,125,91.4,108,86.1,115
2017,Florida,23.7,108,104.3,57,94.3,87,104.6,50,89.1,102,101.7,61,90.5,100
2017,Virginia,23.3,109,86.1,112,97.6,78,95.8,90,87.4,111,94.3,94,87.1,111
2017,Georgia State,23.0,110,78.6,130,98.1,75,91.3,110,87.4,112,89.3,114,91.4,95
2017,Idaho,22.3,111,81.4,127,86.1,112,86.4,125,81.9,122,83.9,124,82.1,122
2017,South Alabama,22.2,112,81.5,125,89.5,99,88.6,119,83.4,120,86.4,119,86.4,114
2017,Maryland,22.1,113,112.0,29,98.6,74,105.5,45,101.0,65,103.8,57,102.1,57
2017,Akron,21.8,114,81.4,126,87.2,109,85.0,127,89.7,100,84.6,123,83.9,120
2017,Texas State,21.7,115,84.9,117,90.4,96,89.3,118,84.1,117,87.7,118,88.0,107
2017,Rice,21.7,116,100.9,65,72.7,128,89.7,116,92.5,92,90.6,111,87.0,112
2017,Ball State,21.5,117,92.4,99,88.1,105,92.5,104,88.4,103,91.7,107,83.0,121
2017,Tennessee,20.9,118,99.6,72,99.6,68,101.1,64,95.0,81,100.5,66,93.4,91
2017,Wyoming,20.7,119,89.1,108,81.3,119,91.6,108,71.9,127,86.2,120,81.1,125
2017,Minnesota,20.6,120,109.1,44,85.8,113,103.0,57,87.9,107,100.4,68,94.0,88
2017,BYU,19.6,121,98.9,73,88.1,106,95.5,91,83.1,121,94.9,87,84.0,119
2017,Old Dominion,19.5,122,83.1,120,81.0,120,87.0,123,69.8,128,82.0,129,78.9,127
2017,Charlotte,19.2,123,93.6,95,76.8,126,87.9,121,80.5,124,83.2,127,88.6,105
2017,Illinois,18.9,124,103.5,60,84.3,117,98.4,76,83.9,118,94.0,95,87.2,110
2017,Georgia Southern,18.7,125,96.1,83,68.2,129,93.7,98,65.9,129,90.4,112,72.7,129
2017,Rutgers,18.5,126,108.4,49,77.4,125,96.4,83,84.4,116,94.4,93,87.5,108
2017,Kansas,17.9,127,85.9,114,79.6,122,83.8,128,84.5,115,83.7,125,77.0,128
2017,San Jose State,17.8,128,83.9,119,80.9,121,79.5,130,93.5,86,82.7,128,79.4,126
2017,Kent State,16.0,129,85.5,116,84.4,116,86.8,124,80.8,123,83.2,126,87.2,109
2017,UTEP,14.9,130,82.9,122,66.9,130,82.9,129,55.4,130,77.4,130,66.0,130
